StartDate,EndDate,Status,IPAddress,Progress,Duration (in seconds),Finished,RecordedDate,ResponseId,RecipientLastName,RecipientFirstName,RecipientEmail,ExternalReference,LocationLatitude,LocationLongitude,DistributionChannel,UserLanguage,"Consent ","Q1 ","Q2 ",Q3,Q3a1,Q3a2,Q3a3,Q3c1_1_x,Q3c1_1_y,Q3c2_1_x,Q3c2_1_y,Q3c3_1_x,Q3c3_1_y,Q3c4_1_x,Q3c4_1_y,Q3c5_1_x,Q3c5_1_y,Q3c6_1_x,Q3c6_1_y,Q3c7_1_x,Q3c7_1_y,Q3c8_1_x,Q3c8_1_y,Q3c9_1_x,Q3c9_1_y,Q3c10_1_x,Q3c10_1_y,Q3c11_1_x,Q3c11_1_y,Q3c12_1_x,Q3c12_1_y,Q3c13_1_x,Q3c13_1_y,Q3c14_1_x,Q3c14_1_y,Q3c15_1_x,Q3c15_1_y,Q3c16_1_x,Q3c16_1_y,Q3c18_1_x,Q3c18_1_y,Q4,Q5,Q5_18_TEXT,Q6,Q6_18_TEXT,Q7,Q7_8_TEXT,Q8,Q9,Q9_6_TEXT,Q10,Q10_6_TEXT,Q12,Q12_7_TEXT,Q13,Q13_5_TEXT,Q14_4,Q14_5,Q14_6,Q15,Q16_4,Q16_5,Q16_6,Q20_1,Q20_2,Q34_7,Q34_8,Q35,Q35_1_TEXT,Q36,Q36_10_TEXT,Q36a,Q36a_4_TEXT,Q37,Q38,Q39,Q40,Q41,Q42,Q42_6_TEXT,Q43,Q44,Q45,Q17,Q17_2_TEXT,Q18,Q19a_1_1,Q19a_2_1,Q19a_3_1,Q19a_4_1,Q19a_5_1,Q19a_6_1,Q19a_7_1,Q19a_8_1,Q19a_9_1,Q19b_1_1,Q19b_2_1,Q19b_3_1,Q19b_4_1,Q19b_5_1,Q19b_6_1,Q19b_7_1,Q19b_8_1,Q19b_9_1,Q19b_10_1,Q19b_11_1,Q94_First Click,Q94_Last Click,Q94_Page Submit,Q94_Click Count,Q21_1,Q21_2,Q21_3,Q21_4,Q21_5,Q21_6,Q21_7,Q21_8,Q21_9,Q22_1,Q22_2,Q22_3,Q22_4,Q22_5,Q22_6,Q22_7,Q22_8,Q22_9,Q22_10,Q23_1,Q23_2,Q23_3,Q23_4,Q23_5,Q23_6,Q23_7,Q23_8,Q23_9,Q23_10,Q24_1,Q24_2,Q24_3,Q24_4,Q25_1,Q25_2,Q25_3,Q25_4,Q26_1,Q26_2,Q26_3,Q26_4,Q27_1,Q27_2,Q27_3,Q27_4,Q27_5,Q27_6,Q27_7,Q28_1,Q28_2,Q28_3,Q28_4,Q28_5,Q28_6,Q28_7,Q29,Q30,Info1,Q31_1,Q31_2,Q31_3,Q31_4,Q31_5,Q31_6,Q31_7,Q31_8,Q31_9,Q31_10,Ranking_Timer_First Click,Ranking_Timer_Last Click,Ranking_Timer_Page Submit,Ranking_Timer_Click Count,Q32,Q32a_1,Q32a_2,Q32a_3,Q32a_4,Q32a_5,Q33_1,Q33_2,Q33_3,Q33_4,Q32,Q36,Q102,Q34
Start Date,End Date,Response Type,IP Address,Progress,Duration (in seconds),Finished,Recorded Date,Response ID,Recipient Last Name,Recipient First Name,Recipient Email,External Data Reference,Location Latitude,Location Longitude,Distribution Channel,User Language,Do you consent to participate?,"Please complete the following sentence, “In comparison with the amount of time I currently spend at ocean and coastal areas in California, I would prefer to spend…”",How often do you spend time in ocean & coastal areas in California?,Is the ocean or coastal area in California where you spend the most time:,What county is it in?,What county is it in?,What county is it in?,Please click on the specific location on the coastline where you spend the most time. - 1 - X,Please click on the specific location on the coastline where you spend the most time. - 1 - Y,Please click on the specific location on the coastline where you spend the most time. - 1 - X,Please click on the specific location on the coastline where you spend the most time. - 1 - Y,Please click on the specific location on the coastline where you spend the most time. - 1 - X,Please click on the specific location on the coastline where you spend the most time. - 1 - Y,Please click on the specific location on the coastline where you spend the most time. - 1 - X,Please click on the specific location on the coastline where you spend the most time. - 1 - Y,Please click on the specific location on the coastline where you spend the most time. - 1 - X,Please click on the specific location on the coastline where you spend the most time. - 1 - Y,Please click on the specific location on the coastline where you spend the most time. - 1 - X,Please click on the specific location on the coastline where you spend the most time. - 1 - Y,Please click on the specific location on the coastline where you spend the most time. - 1 - X,Please click on the specific location on the coastline where you spend the most time. - 1 - Y,Please click on the specific location on the coastline where you spend the most time. - 1 - X,Please click on the specific location on the coastline where you spend the most time. - 1 - Y,Please click on the specific location on the coastline where you spend the most time. - 1 - X,Please click on the specific location on the coastline where you spend the most time. - 1 - Y,Please click on the specific location on the coastline where you spend the most time. - 1 - X,Please click on the specific location on the coastline where you spend the most time. - 1 - Y,Please click on the specific location on the coastline where you spend the most time. - 1 - X,Please click on the specific location on the coastline where you spend the most time. - 1 - Y,Please click on the specific location on the coastline where you spend the most time. - 1 - X,Please click on the specific location on the coastline where you spend the most time. - 1 - Y,Please click on the specific location on the coastline where you spend the most time. - 1 - X,Please click on the specific location on the coastline where you spend the most time. - 1 - Y,Please click on the specific location on the coastline where you spend the most time. - 1 - X,Please click on the specific location on the coastline where you spend the most time. - 1 - Y,Please click on the specific location on the coastline where you spend the most time. - 1 - X,Please click on the specific location on the coastline where you spend the most time. - 1 - Y,Please click on the specific location on the coastline where you spend the most time. - 1 - X,Please click on the specific location on the coastline where you spend the most time. - 1 - Y,Please click on the specific location on the coastline where you spend the most time. - 1 - X,Please click on the specific location on the coastline where you spend the most time. - 1 - Y,"When you spend time in ocean & coastal areas in California, do you ever:

(check all that apply)","When you spend time in ocean & coastal areas in California, what activities are important to you that you participate in at least once a year? (check all that apply) - Selected Choice","When you spend time in ocean & coastal areas in California, what activities are important to you that you participate in at least once a year? (check all that apply) - Other, please specify: - Text","Of the activities that you participate in, please select one of the activities that is most important to you. - Selected Choice","Of the activities that you participate in, please select one of the activities that is most important to you. - Other, please specify: - Text",What is your usual mode of transportation to the activity selected above? - Selected Choice,"What is your usual mode of transportation to the activity selected above? - Other, please specify: - Text",How many minutes  are you willing to travel each way to participate in the activity selected above?,Who first taught you about or introduced you to the activity selected above? - Selected Choice,"Who first taught you about or introduced you to the activity selected above? - Other, please specify: - Text",Who do you usually do the activity selected above with? (check all that apply) - Selected Choice,"Who do you usually do the activity selected above with? (check all that apply) - Other, please specify: - Text","Which of these fishing activities do you participate in regularly (i.e., once every two or three months)? (check all that apply) - Selected Choice","Which of these fishing activities do you participate in regularly (i.e., once every two or three months)? (check all that apply) - Other, please specify: - Text","What type of fisher do you consider yourself to be?

(Select all that apply): - Selected Choice","What type of fisher do you consider yourself to be?

(Select all that apply): - Other, please specify: - Text","Please list up to three marine species (i.e., animals or plants) that you most commonly target when fishing or harvesting: - 4","Please list up to three marine species (i.e., animals or plants) that you most commonly target when fishing or harvesting: - 5","Please list up to three marine species (i.e., animals or plants) that you most commonly target when fishing or harvesting: - 6",What usually happens to the marine species listed above? (check all that apply),"Please list up to three marine species (i.e., animals or plants) that you most value observing or interacting with at the ocean or coast: - 4","Please list up to three marine species (i.e., animals or plants) that you most value observing or interacting with at the ocean or coast: - 5","Please list up to three marine species (i.e., animals or plants) that you most value observing or interacting with at the ocean or coast: - 6","Within the past month, how frequently have you engaged with ocean-related digital or print media (e.g., sport or nature documentaries, YouTube videos, social media posts, magazine articles, news stories)? - I've read or watched it","Within the past month, how frequently have you engaged with ocean-related digital or print media (e.g., sport or nature documentaries, YouTube videos, social media posts, magazine articles, news stories)? - I’ve produced it (i.e., filmed, photographed, and/or posted)",Where is home for you (primary residence)? - Zip Code:,Where is home for you (primary residence)? - Or non-US country:,"If that zip code is in California, how many years have you lived in California? - Selected Choice","If that zip code is in California, how many years have you lived in California? - I've lived in California for the number of years marked below: - Text",What is your race or ethnicity? (Check ALL that apply) - Selected Choice,"What is your race or ethnicity? (Check ALL that apply) - Another race or ethnicity, please specify: - Text","If you are Asian, how would you best characterize your Asian origins? - Selected Choice","If you are Asian, how would you best characterize your Asian origins? - Another group, please specify: - Text",Are you affiliated with a Tribe?,"If you are affiliated with a Tribe, which Tribe you are affiliated with?",Are you: (Mark all that apply),What year were you born?,"What was your annual household income before taxes in 2024 (i.e., the total income of all people that live in the same house or residence as you)?",What is the highest level of education you have completed? (check one) - Selected Choice,"What is the highest level of education you have completed? (check one) - Other, please specify: - Text","How many people, including yourself, live in your household?",How many of these people are under 18 years old?,How would you characterize your swimming ability?,How many days did you spend at the beach or coastal area? - Selected Choice,How many days did you spend at the beach or coastal area? - I stayed overnight for ____ days (count partial days as whole days) - Text,"How many people were in your party (i.e., your family/ friends you were with)?","Please estimate how much money, rounded to the nearest dollar, all of the people in your party spent on the following items. 
If no money was spent, place $0 in the corresponding box. - Ocean activities  (e.g., whale watching, ferries, charter fishing, boat rental) - Total Cost for ALL People You Travelled With","Please estimate how much money, rounded to the nearest dollar, all of the people in your party spent on the following items. 
If no money was spent, place $0 in the corresponding box. - Entrance fees, excluding annual passes (e.g., museums, shows, parks) - Total Cost for ALL People You Travelled With","Please estimate how much money, rounded to the nearest dollar, all of the people in your party spent on the following items. 
If no money was spent, place $0 in the corresponding box. - Parking fees (excluding annual passes) - Total Cost for ALL People You Travelled With","Please estimate how much money, rounded to the nearest dollar, all of the people in your party spent on the following items. 
If no money was spent, place $0 in the corresponding box. - Public transportation, taxi, rideshare fare - Total Cost for ALL People You Travelled With","Please estimate how much money, rounded to the nearest dollar, all of the people in your party spent on the following items. 
If no money was spent, place $0 in the corresponding box. - Gasoline - Total Cost for ALL People You Travelled With","Please estimate how much money, rounded to the nearest dollar, all of the people in your party spent on the following items. 
If no money was spent, place $0 in the corresponding box. - Car rental - Total Cost for ALL People You Travelled With","Please estimate how much money, rounded to the nearest dollar, all of the people in your party spent on the following items. 
If no money was spent, place $0 in the corresponding box. - Food from restaurants - Total Cost for ALL People You Travelled With","Please estimate how much money, rounded to the nearest dollar, all of the people in your party spent on the following items. 
If no money was spent, place $0 in the corresponding box. - Food from grocery stores or farmers markets - Total Cost for ALL People You Travelled With","Please estimate how much money, rounded to the nearest dollar, all of the people in your party spent on the following items. 
If no money was spent, place $0 in the corresponding box. - Retail purchases (e.g., coolers, fins, fishing poles, clothing, sunscreen, etc.) - Total Cost for ALL People You Travelled With","Please estimate how much money, rounded to the nearest dollar, all of the people in your party spent on the following items. 
If no money was spent, place $0 in the corresponding box. - Ocean activities  (e.g., whale watching, ferries, charter fishing, boat rental) - Total Cost for ALL People You Travelled With","Please estimate how much money, rounded to the nearest dollar, all of the people in your party spent on the following items. 
If no money was spent, place $0 in the corresponding box. - Entrance fees, excluding annual passes (e.g., museums, shows, parks) - Total Cost for ALL People You Travelled With","Please estimate how much money, rounded to the nearest dollar, all of the people in your party spent on the following items. 
If no money was spent, place $0 in the corresponding box. - Parking fees (excluding annual passes) - Total Cost for ALL People You Travelled With","Please estimate how much money, rounded to the nearest dollar, all of the people in your party spent on the following items. 
If no money was spent, place $0 in the corresponding box. - Public transportation, taxi, rideshare fare - Total Cost for ALL People You Travelled With","Please estimate how much money, rounded to the nearest dollar, all of the people in your party spent on the following items. 
If no money was spent, place $0 in the corresponding box. - Gasoline - Total Cost for ALL People You Travelled With","Please estimate how much money, rounded to the nearest dollar, all of the people in your party spent on the following items. 
If no money was spent, place $0 in the corresponding box. - Car rental - Total Cost for ALL People You Travelled With","Please estimate how much money, rounded to the nearest dollar, all of the people in your party spent on the following items. 
If no money was spent, place $0 in the corresponding box. - Food from restaurants - Total Cost for ALL People You Travelled With","Please estimate how much money, rounded to the nearest dollar, all of the people in your party spent on the following items. 
If no money was spent, place $0 in the corresponding box. - Food from grocery stores or farmers markets - Total Cost for ALL People You Travelled With","Please estimate how much money, rounded to the nearest dollar, all of the people in your party spent on the following items. 
If no money was spent, place $0 in the corresponding box. - Retail purchases (e.g., coolers, fins, fishing poles, clothing, sunscreen, etc.) - Total Cost for ALL People You Travelled With","Please estimate how much money, rounded to the nearest dollar, all of the people in your party spent on the following items. 
If no money was spent, place $0 in the corresponding box. - Lodging costs at the beach or coastal area (e.g., hotel, airbnb, campground) - Total Cost for ALL People You Travelled With","Please estimate how much money, rounded to the nearest dollar, all of the people in your party spent on the following items. 
If no money was spent, place $0 in the corresponding box. - Transportation to the beach or coastal area (e.g., airfare, driving) - Total Cost for ALL People You Travelled With",Timing - First Click,Timing - Last Click,Timing - Page Submit,Timing - Click Count,"Please indicate the degree to which ocean and coastal areas in California currently benefit you, your health and/or well-being.



California's oceans and coasts: - are an important source of food for myself and/or my family","Please indicate the degree to which ocean and coastal areas in California currently benefit you, your health and/or well-being.



California's oceans and coasts: - provide me with an income or a job","Please indicate the degree to which ocean and coastal areas in California currently benefit you, your health and/or well-being.



California's oceans and coasts: - help me to feel a part of a community","Please indicate the degree to which ocean and coastal areas in California currently benefit you, your health and/or well-being.



California's oceans and coasts: - help me build or maintain relationships with my friends or family","Please indicate the degree to which ocean and coastal areas in California currently benefit you, your health and/or well-being.



California's oceans and coasts: - support plants, animals and/or activities that are important to my culture and heritage","Please indicate the degree to which ocean and coastal areas in California currently benefit you, your health and/or well-being.



California's oceans and coasts: - allow me to particiapte in adventurous and/or exciting activites","Please indicate the degree to which ocean and coastal areas in California currently benefit you, your health and/or well-being.



California's oceans and coasts: - improve and/or maintain my physical health and/or mental well-being","Please indicate the degree to which ocean and coastal areas in California currently benefit you, your health and/or well-being.



California's oceans and coasts: - help me to feel more spiritual and/or connected to a higher power","Please indicate the degree to which ocean and coastal areas in California currently benefit you, your health and/or well-being.



California's oceans and coasts: - expose me to beauty and/or sensory experiences (e.g., wind, light, smell, etc). that are important to me","Please indicate the degree to which you agree or disagree with the following statements.



Ocean and coastal areas are important to me, my family, and/or my community because they: - support a diversity of marine life","Please indicate the degree to which you agree or disagree with the following statements.



Ocean and coastal areas are important to me, my family, and/or my community because they: - inspire artistic and creative expression","Please indicate the degree to which you agree or disagree with the following statements.



Ocean and coastal areas are important to me, my family, and/or my community because they: - help produce and renew our air and water","Please indicate the degree to which you agree or disagree with the following statements.



Ocean and coastal areas are important to me, my family, and/or my community because they: - are important for future generations","Please indicate the degree to which you agree or disagree with the following statements.



Ocean and coastal areas are important to me, my family, and/or my community because they: - provide fisheries, recreation or tourism opportunities that provide economic benefit","Please indicate the degree to which you agree or disagree with the following statements.



Ocean and coastal areas are important to me, my family, and/or my community because they: - provide opportunities for education, learning, and science","Please indicate the degree to which you agree or disagree with the following statements.



Ocean and coastal areas are important to me, my family, and/or my community because they: - help define our heritage, culture and identity","Please indicate the degree to which you agree or disagree with the following statements.



Ocean and coastal areas are important to me, my family, and/or my community because they: - are a place for our favorite outdoor recreation activities","Please indicate the degree to which you agree or disagree with the following statements.



Ocean and coastal areas are important to me, my family, and/or my community because they: - help us feel to feel connected to the natural world","Please indicate the degree to which you agree or disagree with the following statements.



Ocean and coastal areas are important to me, my family, and/or my community because they: - care for us when we care for them",Please rate how strongly you agree with the following statements characterizing your use of and/or experiences within ocean and coastal areas in California: - I am interested in ocean experiences or activities,Please rate how strongly you agree with the following statements characterizing your use of and/or experiences within ocean and coastal areas in California: - I have enough time to go to ocean and coastal areas,Please rate how strongly you agree with the following statements characterizing your use of and/or experiences within ocean and coastal areas in California: - I feel welcome at beaches and coastal areas,"Please rate how strongly you agree with the following statements characterizing your use of and/or experiences within ocean and coastal areas in California: - I have access to and can afford  transportation to the beach or coasts (e.g., bus, car)","Please rate how strongly you agree with the following statements characterizing your use of and/or experiences within ocean and coastal areas in California: - The amenities/infrastructure I need or want are available and in good condition (i.e., restrooms, wheelchair ramps, picnic tables, piers, stairs, trash cans, etc)","Please rate how strongly you agree with the following statements characterizing your use of and/or experiences within ocean and coastal areas in California: - I possess the required skills or knowledge to participate in ocean activities (i.e., swimming, fishing, surfing)","Please rate how strongly you agree with the following statements characterizing your use of and/or experiences within ocean and coastal areas in California: - I can afford or have access to necessary tools, gear, or equipment (e.g., fishing pole, surf board)","Please rate how strongly you agree with the following statements characterizing your use of and/or experiences within ocean and coastal areas in California: - I feel safe from environmental factors (i.e. sharks, waves, wind, pollution, etc.)","Please rate how strongly you agree with the following statements characterizing your use of and/or experiences within ocean and coastal areas in California: - I understand the associated rules and regulations (e.g., fishing rules, parking rules, safety)","Please rate how strongly you agree with the following statements characterizing your use of and/or experiences within ocean and coastal areas in California: - I feel protected by law or rule enforcers (e.g. police, rangers, security guards)","Please rate how frequently you experience the following in ocean and coastal areas in CA.



In ocean and coastal areas: - I feel like I am treated with the same amount of respect as people of other genders, races, or ethnic identities.","Please rate how frequently you experience the following in ocean and coastal areas in CA.



In ocean and coastal areas: - I feel like other people trust me and feel safe around me","Please rate how frequently you experience the following in ocean and coastal areas in CA.



In ocean and coastal areas: - Other people treat me as if I am smart and capable","Please rate how frequently you experience the following in ocean and coastal areas in CA.



In ocean and coastal areas: - I feel safe from physical or verbal violence (e.g. mugging, harassment)","Please tell us about any social changes you may (or may not) have observed over the past 5 years in the ocean and/or coastal spaces that you use most frequently.



If you are unsure, please mark no change observed. - Costs to visit ocean and coastal areas and/or participate in ocean activities","Please tell us about any social changes you may (or may not) have observed over the past 5 years in the ocean and/or coastal spaces that you use most frequently.



If you are unsure, please mark no change observed. - Existence of working coastal infrastructure (e.g., piers, seawalls)","Please tell us about any social changes you may (or may not) have observed over the past 5 years in the ocean and/or coastal spaces that you use most frequently.



If you are unsure, please mark no change observed. - Rules about how I use the ocean (i.e., fishing restrictions, beach closures)","Please tell us about any social changes you may (or may not) have observed over the past 5 years in the ocean and/or coastal spaces that you use most frequently.



If you are unsure, please mark no change observed. - Local people being displaced (i.e., moving away) from ocean and coastal neighborhoods","Below is a list of social issues that may affect your use of and benefit from ocean and coastal areas in the future.



For the following statements, please indicate your level of concern. - Increasing costs to visit coastal and ocean areas and/or participate in ocean activities negatively impacting my use of the ocean","Below is a list of social issues that may affect your use of and benefit from ocean and coastal areas in the future.



For the following statements, please indicate your level of concern. - Worsening condition of coastal infrastructure (e.g., piers, seawalls) negatively impacting my use of the ocean","Below is a list of social issues that may affect your use of and benefit from ocean and coastal areas in the future.



For the following statements, please indicate your level of concern. - More rules about how I can use the ocean (e.g., fishing restrictions, beach closures) negatively impacting my use of the ocean","Below is a list of social issues that may affect your use of and benefit from ocean and coastal areas in the future.



For the following statements, please indicate your level of concern. - Displacement of local people from ocean and coastal neighborhoods (i.e., moving away) negatively impacting my use of the ocean","Please tell us about any environmental changes you may (or may not) have observed over the past 5 years in the ocean and/or coastal spaces that you use most frequently.



If you are unsure, please mark no change observed. - Wildfires","Please tell us about any environmental changes you may (or may not) have observed over the past 5 years in the ocean and/or coastal spaces that you use most frequently.



If you are unsure, please mark no change observed. - Storms, storm surge, and/or floods","Please tell us about any environmental changes you may (or may not) have observed over the past 5 years in the ocean and/or coastal spaces that you use most frequently.



If you are unsure, please mark no change observed. - Air temperature","Please tell us about any environmental changes you may (or may not) have observed over the past 5 years in the ocean and/or coastal spaces that you use most frequently.



If you are unsure, please mark no change observed. - Abundance and diversity of marine plants and animals","Please tell us about any environmental changes you may (or may not) have observed over the past 5 years in the ocean and/or coastal spaces that you use most frequently.



If you are unsure, please mark no change observed. - Ocean temperature","Please tell us about any environmental changes you may (or may not) have observed over the past 5 years in the ocean and/or coastal spaces that you use most frequently.



If you are unsure, please mark no change observed. - Ocean water quality","Please tell us about any environmental changes you may (or may not) have observed over the past 5 years in the ocean and/or coastal spaces that you use most frequently.



If you are unsure, please mark no change observed. - Sea level rise","Below is a list of evironmental issues that may affect your use of and benefit from ocean and coastal areas in the future.



For the following statements, please indicate your level of concern. - Growing number of wildfires and declining air quality negatively impacting my use of the ocean","Below is a list of evironmental issues that may affect your use of and benefit from ocean and coastal areas in the future.



For the following statements, please indicate your level of concern. - Increases in storms, storm surge, and/or floods negatively impacting my use of the ocean","Below is a list of evironmental issues that may affect your use of and benefit from ocean and coastal areas in the future.



For the following statements, please indicate your level of concern. - Increases in air temperature (i.e., more hot days) negatively impacting my use or enjoyment of ocean areas","Below is a list of evironmental issues that may affect your use of and benefit from ocean and coastal areas in the future.



For the following statements, please indicate your level of concern. - Declining abundance or diversity of marine plants and/or animals negatively impacting my use of the ocean","Below is a list of evironmental issues that may affect your use of and benefit from ocean and coastal areas in the future.



For the following statements, please indicate your level of concern. - Increase in ocean temperatures negatively impacting my use of the ocean","Below is a list of evironmental issues that may affect your use of and benefit from ocean and coastal areas in the future.



For the following statements, please indicate your level of concern. - Decreases in ocean water quality negatively impacting my use of the ocean","Below is a list of evironmental issues that may affect your use of and benefit from ocean and coastal areas in the future.



For the following statements, please indicate your level of concern. - Rising sea levels negatively impacting my use of the ocean",How familiar are you with California state marine protected areas (MPAs)?,How familiar are you with National Marine Sanctuaries?,"There are 124 state MPAs and 5 National Marine Sanctuaries in California that are managed for the long-term conservation of marine resources, ecosystem services and cultural heritage.","If a local ocean and/or coastal zone were to be managed for the benefit of your community, how important would the following characteristics be?



Please order the items in the list below from 1 (most important) to 10 (least important) using drag & drop - <div style=""text-align: center;""><img height=""51"" src=""https://ucsantacruz.co1.qualtrics.com/CP/Graphic.php?IM=IM_4UUnOeVTwPLvwV0"" style=""margin-left: 15px; margin-right: 15px; float: left; height: 51px; width: 50px;"" width=""50"" /></div>

<div style=""text-align: left;"">Preventing large-scale industrial and/or commercial activity (i.e., oil drilling, commercial fishing, etc.)</div>","If a local ocean and/or coastal zone were to be managed for the benefit of your community, how important would the following characteristics be?



Please order the items in the list below from 1 (most important) to 10 (least important) using drag & drop - <img height=""57"" src=""https://ucsantacruz.co1.qualtrics.com/CP/Graphic.php?IM=IM_2mhwcS0qTMKo1PE"" style=""float: left; margin-left: 15px; margin-right: 15px; height: 57px; width: 50px;"" width=""50"" />Providing educational opportunities to improve ocean knowledge","If a local ocean and/or coastal zone were to be managed for the benefit of your community, how important would the following characteristics be?



Please order the items in the list below from 1 (most important) to 10 (least important) using drag & drop - <img height=""53"" src=""https://ucsantacruz.co1.qualtrics.com/CP/Graphic.php?IM=IM_3UXjnSWeJpWpqBg"" style=""width: 50px; margin-left: 15px; margin-right: 15px; float: left; height: 53px;"" width=""50"" />Providing jobs and/or the opportunity to make money","If a local ocean and/or coastal zone were to be managed for the benefit of your community, how important would the following characteristics be?



Please order the items in the list below from 1 (most important) to 10 (least important) using drag & drop - <img height=""46"" src=""https://ucsantacruz.co1.qualtrics.com/CP/Graphic.php?IM=IM_aaY3xPwI6wTcgvk"" style=""float: left; margin-left: 15px; margin-right: 15px; height: 46px; width: 50px;"" width=""50"" />
<div style=""text-align: left;"">Allowing locals to participate in rule-making and/or environmental monitoring</div>
","If a local ocean and/or coastal zone were to be managed for the benefit of your community, how important would the following characteristics be?



Please order the items in the list below from 1 (most important) to 10 (least important) using drag & drop - &nbsp;<img height=""36"" src=""https://ucsantacruz.co1.qualtrics.com/CP/Graphic.php?IM=IM_26sJmJbcOIkB4tU"" style=""width: 50px; float: left; height: 36px; margin-left: 15px; margin-right: 15px;"" width=""50"" />Increasing the availability of local seafood products","If a local ocean and/or coastal zone were to be managed for the benefit of your community, how important would the following characteristics be?



Please order the items in the list below from 1 (most important) to 10 (least important) using drag & drop - <img height=""52"" src=""https://ucsantacruz.co1.qualtrics.com/CP/Graphic.php?IM=IM_8AeMkwuKDuu3d5Q"" style=""margin-left: 15px; margin-right: 15px; float: left; width: 50px; height: 52px;"" width=""50"" />Enabling practices or activities that support local culture and/or traditions","If a local ocean and/or coastal zone were to be managed for the benefit of your community, how important would the following characteristics be?



Please order the items in the list below from 1 (most important) to 10 (least important) using drag & drop - <img height=""50"" src=""https://ucsantacruz.co1.qualtrics.com/CP/Graphic.php?IM=IM_3ZWwE39lFDTI69M"" style=""height: 50px; margin-left: 15px; margin-right: 15px; float: left; width: 50px;"" width=""50"" /> Promoting connections between individuals and groups in my community","If a local ocean and/or coastal zone were to be managed for the benefit of your community, how important would the following characteristics be?



Please order the items in the list below from 1 (most important) to 10 (least important) using drag & drop - <img height=""42"" src=""https://ucsantacruz.co1.qualtrics.com/CP/Graphic.php?IM=IM_cI0GOMwV1ff5CSi"" style=""float: left; margin-left: 15px; margin-right: 15px; height: 42px; width: 50px;"" width=""50"" />Providing protection for threatened plants or animals","If a local ocean and/or coastal zone were to be managed for the benefit of your community, how important would the following characteristics be?



Please order the items in the list below from 1 (most important) to 10 (least important) using drag & drop - <img height=""47"" src=""https://ucsantacruz.co1.qualtrics.com/CP/Graphic.php?IM=IM_2uz7xT2tkMgvoXQ"" style=""margin-left: 15px; margin-right: 15px; float: left; width: 50px; height: 47px;"" width=""50"" />Reducing risks of flooding, coastal erosion, and/or sea level rise","If a local ocean and/or coastal zone were to be managed for the benefit of your community, how important would the following characteristics be?



Please order the items in the list below from 1 (most important) to 10 (least important) using drag & drop - <img height=""48"" src=""https://ucsantacruz.co1.qualtrics.com/CP/Graphic.php?IM=IM_eV5bigywOVEbvuu"" style=""height: 48px; width: 50px; margin-left: 15px; margin-right: 15px; float: left;"" width=""50"" />Providing or improving access to coastal areas",Timing - First Click,Timing - Last Click,Timing - Page Submit,Timing - Click Count,Do you believe that climate change is happening?,Please rank the degree to which you agree or disagree with the following statements. - I am very knowledgeable about climate impacts to ocean and coastal areas in California,"Please rank the degree to which you agree or disagree with the following statements. - Climate change will negatively impact the benefits that me, my family, and/or community receive from ocean and coastal areas in California",Please rank the degree to which you agree or disagree with the following statements. - Climate change has negatively impacted my physical and/or mental health,"Please rank the degree to which you agree or disagree with the following statements. - In the future, I believe that climate change will negatively impact my physical and/or mental health in the future","Please rank the degree to which you agree or disagree with the following statements. - Marine Protected Areas and National Marine Sanctuaries can help me, my family, and/or community adapt to climate impacts",Please indicate the degree to which you agree or disagree with the following statements. - Our children will benefit from ocean and coasts as much or more than me,Please indicate the degree to which you agree or disagree with the following statements. - Oceans and coasts can help my community adapt to future environmental and/or socioeconomic changes,"Please indicate the degree to which you agree or disagree with the following statements. - I have confidence in the ability  of the people in charge (e.g., state and federal government officials) to manage ocean and coastal resources for my community's benefit",Please indicate the degree to which you agree or disagree with the following statements. - I have a voice in the management of local ocean and coastal spaces.,"Is there anything else you would like to tell us about yourself, your experience with oceans and coasts in California, and/or your thoughts on local marine resource management?",That concludes the survey. Thank you for your time! Please check if you would like to:,"Please enter your email address:

(Your email will not be linked with your answers, or shared outside of this project)",Prize category:
"{""ImportId"":""startDate"",""timeZone"":""America/Los_Angeles""}","{""ImportId"":""endDate"",""timeZone"":""America/Los_Angeles""}","{""ImportId"":""status""}","{""ImportId"":""ipAddress""}","{""ImportId"":""progress""}","{""ImportId"":""duration""}","{""ImportId"":""finished""}","{""ImportId"":""recordedDate"",""timeZone"":""America/Los_Angeles""}","{""ImportId"":""_recordId""}","{""ImportId"":""recipientLastName""}","{""ImportId"":""recipientFirstName""}","{""ImportId"":""recipientEmail""}","{""ImportId"":""externalDataReference""}","{""ImportId"":""locationLatitude""}","{""ImportId"":""locationLongitude""}","{""ImportId"":""distributionChannel""}","{""ImportId"":""userLanguage""}","{""ImportId"":""QID8""}","{""ImportId"":""QID13""}","{""ImportId"":""QID12""}","{""ImportId"":""QID15""}","{""ImportId"":""QID81""}","{""ImportId"":""QID82""}","{""ImportId"":""QID83""}","{""ImportId"":""QID103"",""point"":1,""coord"":""x""}","{""ImportId"":""QID103"",""point"":1,""coord"":""y""}","{""ImportId"":""QID106"",""point"":1,""coord"":""x""}","{""ImportId"":""QID106"",""point"":1,""coord"":""y""}","{""ImportId"":""QID104"",""point"":1,""coord"":""x""}","{""ImportId"":""QID104"",""point"":1,""coord"":""y""}","{""ImportId"":""QID107"",""point"":1,""coord"":""x""}","{""ImportId"":""QID107"",""point"":1,""coord"":""y""}","{""ImportId"":""QID108"",""point"":1,""coord"":""x""}","{""ImportId"":""QID108"",""point"":1,""coord"":""y""}","{""ImportId"":""QID109"",""point"":1,""coord"":""x""}","{""ImportId"":""QID109"",""point"":1,""coord"":""y""}","{""ImportId"":""QID110"",""point"":1,""coord"":""x""}","{""ImportId"":""QID110"",""point"":1,""coord"":""y""}","{""ImportId"":""QID111"",""point"":1,""coord"":""x""}","{""ImportId"":""QID111"",""point"":1,""coord"":""y""}","{""ImportId"":""QID112"",""point"":1,""coord"":""x""}","{""ImportId"":""QID112"",""point"":1,""coord"":""y""}","{""ImportId"":""QID113"",""point"":1,""coord"":""x""}","{""ImportId"":""QID113"",""point"":1,""coord"":""y""}","{""ImportId"":""QID114"",""point"":1,""coord"":""x""}","{""ImportId"":""QID114"",""point"":1,""coord"":""y""}","{""ImportId"":""QID115"",""point"":1,""coord"":""x""}","{""ImportId"":""QID115"",""point"":1,""coord"":""y""}","{""ImportId"":""QID116"",""point"":1,""coord"":""x""}","{""ImportId"":""QID116"",""point"":1,""coord"":""y""}","{""ImportId"":""QID117"",""point"":1,""coord"":""x""}","{""ImportId"":""QID117"",""point"":1,""coord"":""y""}","{""ImportId"":""QID118"",""point"":1,""coord"":""x""}","{""ImportId"":""QID118"",""point"":1,""coord"":""y""}","{""ImportId"":""QID119"",""point"":1,""coord"":""x""}","{""ImportId"":""QID119"",""point"":1,""coord"":""y""}","{""ImportId"":""QID120"",""point"":1,""coord"":""x""}","{""ImportId"":""QID120"",""point"":1,""coord"":""y""}","{""ImportId"":""QID84""}","{""ImportId"":""QID18""}","{""ImportId"":""QID18_18_TEXT""}","{""ImportId"":""QID20""}","{""ImportId"":""QID20_x18_TEXT""}","{""ImportId"":""QID21""}","{""ImportId"":""QID21_8_TEXT""}","{""ImportId"":""QID22""}","{""ImportId"":""QID23""}","{""ImportId"":""QID23_6_TEXT""}","{""ImportId"":""QID67""}","{""ImportId"":""QID67_6_TEXT""}","{""ImportId"":""QID56""}","{""ImportId"":""QID56_7_TEXT""}","{""ImportId"":""QID80""}","{""ImportId"":""QID80_5_TEXT""}","{""ImportId"":""QID57_4""}","{""ImportId"":""QID57_5""}","{""ImportId"":""QID57_6""}","{""ImportId"":""QID66""}","{""ImportId"":""QID86_4""}","{""ImportId"":""QID86_5""}","{""ImportId"":""QID86_6""}","{""ImportId"":""QID1321501983_1""}","{""ImportId"":""QID1321501983_3""}","{""ImportId"":""QID50_7""}","{""ImportId"":""QID50_8""}","{""ImportId"":""QID51""}","{""ImportId"":""QID51_1_TEXT""}","{""ImportId"":""QID45""}","{""ImportId"":""QID45_10_TEXT""}","{""ImportId"":""QID47""}","{""ImportId"":""QID47_4_TEXT""}","{""ImportId"":""QID77""}","{""ImportId"":""QID78_TEXT""}","{""ImportId"":""QID48""}","{""ImportId"":""QID49_TEXT""}","{""ImportId"":""QID52""}","{""ImportId"":""QID55""}","{""ImportId"":""QID55_6_TEXT""}","{""ImportId"":""QID53_TEXT""}","{""ImportId"":""QID54_TEXT""}","{""ImportId"":""QID71""}","{""ImportId"":""QID96""}","{""ImportId"":""QID96_2_TEXT""}","{""ImportId"":""QID99_TEXT""}","{""ImportId"":""QID100_2_1""}","{""ImportId"":""QID100_1_1""}","{""ImportId"":""QID100_3_1""}","{""ImportId"":""QID100_4_1""}","{""ImportId"":""QID100_5_1""}","{""ImportId"":""QID100_6_1""}","{""ImportId"":""QID100_7_1""}","{""ImportId"":""QID100_8_1""}","{""ImportId"":""QID100_9_1""}","{""ImportId"":""QID122_2_1""}","{""ImportId"":""QID122_1_1""}","{""ImportId"":""QID122_3_1""}","{""ImportId"":""QID122_4_1""}","{""ImportId"":""QID122_5_1""}","{""ImportId"":""QID122_6_1""}","{""ImportId"":""QID122_7_1""}","{""ImportId"":""QID122_8_1""}","{""ImportId"":""QID122_9_1""}","{""ImportId"":""QID122_10_1""}","{""ImportId"":""QID122_11_1""}","{""ImportId"":""QID94_FIRST_CLICK""}","{""ImportId"":""QID94_LAST_CLICK""}","{""ImportId"":""QID94_PAGE_SUBMIT""}","{""ImportId"":""QID94_CLICK_COUNT""}","{""ImportId"":""QID28_1""}","{""ImportId"":""QID28_2""}","{""ImportId"":""QID28_3""}","{""ImportId"":""QID28_4""}","{""ImportId"":""QID28_5""}","{""ImportId"":""QID28_6""}","{""ImportId"":""QID28_7""}","{""ImportId"":""QID28_8""}","{""ImportId"":""QID28_9""}","{""ImportId"":""QID63_2""}","{""ImportId"":""QID63_3""}","{""ImportId"":""QID63_4""}","{""ImportId"":""QID63_5""}","{""ImportId"":""QID63_7""}","{""ImportId"":""QID63_8""}","{""ImportId"":""QID63_9""}","{""ImportId"":""QID63_10""}","{""ImportId"":""QID63_11""}","{""ImportId"":""QID63_12""}","{""ImportId"":""QID29_1""}","{""ImportId"":""QID29_12""}","{""ImportId"":""QID29_2""}","{""ImportId"":""QID29_3""}","{""ImportId"":""QID29_4""}","{""ImportId"":""QID29_5""}","{""ImportId"":""QID29_6""}","{""ImportId"":""QID29_8""}","{""ImportId"":""QID29_10""}","{""ImportId"":""QID29_11""}","{""ImportId"":""QID31_1""}","{""ImportId"":""QID31_2""}","{""ImportId"":""QID31_3""}","{""ImportId"":""QID31_4""}","{""ImportId"":""QID34_1""}","{""ImportId"":""QID34_2""}","{""ImportId"":""QID34_3""}","{""ImportId"":""QID34_4""}","{""ImportId"":""QID69_1""}","{""ImportId"":""QID69_2""}","{""ImportId"":""QID69_3""}","{""ImportId"":""QID69_4""}","{""ImportId"":""QID92_5""}","{""ImportId"":""QID92_6""}","{""ImportId"":""QID92_7""}","{""ImportId"":""QID92_9""}","{""ImportId"":""QID92_11""}","{""ImportId"":""QID92_12""}","{""ImportId"":""QID92_13""}","{""ImportId"":""QID93_5""}","{""ImportId"":""QID93_7""}","{""ImportId"":""QID93_10""}","{""ImportId"":""QID93_8""}","{""ImportId"":""QID93_9""}","{""ImportId"":""QID93_11""}","{""ImportId"":""QID93_12""}","{""ImportId"":""QID38""}","{""ImportId"":""QID39""}","{""ImportId"":""QID88""}","{""ImportId"":""QID40_1""}","{""ImportId"":""QID40_2""}","{""ImportId"":""QID40_3""}","{""ImportId"":""QID40_4""}","{""ImportId"":""QID40_5""}","{""ImportId"":""QID40_6""}","{""ImportId"":""QID40_7""}","{""ImportId"":""QID40_8""}","{""ImportId"":""QID40_9""}","{""ImportId"":""QID40_10""}","{""ImportId"":""QID70_FIRST_CLICK""}","{""ImportId"":""QID70_LAST_CLICK""}","{""ImportId"":""QID70_PAGE_SUBMIT""}","{""ImportId"":""QID70_CLICK_COUNT""}","{""ImportId"":""QID41""}","{""ImportId"":""QID42_1""}","{""ImportId"":""QID42_2""}","{""ImportId"":""QID42_4""}","{""ImportId"":""QID42_5""}","{""ImportId"":""QID42_3""}","{""ImportId"":""QID43_1""}","{""ImportId"":""QID43_2""}","{""ImportId"":""QID43_4""}","{""ImportId"":""QID43_5""}","{""ImportId"":""QID62_TEXT""}","{""ImportId"":""QID75""}","{""ImportId"":""QID102_TEXT""}","{""ImportId"":""QID60""}"
2025-05-07 08:39:09,2025-05-07 08:52:14,IP Address,172.56.121.144,100,785,True,2025-05-07 08:52:15,R_6CD9qgbfcmauucx,,,,,34.1867,-118.3878,qr,EN,I consent,More time,Once every couple months,Southern California,,,Los Angeles,,,185,64,,,,,,,,,,,,,,,,,,,,,,,,,,,,,,,Visit a State Park,"Beach games or sports (e.g., frisbee, volleyball, yoga),Cultural or religious practices or ceremonies,Driving or sitting in your car to enjoy the views/sunsets,Group or family gatherings or activities (e.g., family outing, bbq),Meditation, reading, and/or relaxing,Observing or photographing nature or wildlife, outdoor education,Surfing,Walking or running",,"Group or family gatherings or activities (e.g., family outing, bbq)",,Personal vehicle,,Less than 30 minutes,"Family member (i.e., parent, sibling, cousin, etc.)",,With friends or colleagues,,,,,,,,,,"Seals ","Fish ",Birds,Once or twice,Once or twice,91342,,I've lived in California for the number of years marked below:,,Hispanic or Latino,,,,,,Female,1997,"$20,000 to $39,999",College graduate (bachelor degree),,4,0,Intermediate,I went for the day,,20,,,,,,,,,,,,,,,,,,,,,2.543,3.591,4.431,3,Agree,Agree,Agree,"Neither agree nor disagree
","Neither agree nor disagree
","Strongly agree
","Strongly agree
",Agree,"Strongly agree
",Strongly agree,Strongly agree,Strongly agree,Strongly agree,Strongly agree,Strongly agree,Agree,Agree,Strongly agree,Strongly agree,Agree,Disagree,Disagree,Neither agree nor disagree,Agree,Agree,Neither agree nor disagree,Neither agree nor disagree,Agree,Neither agree nor disagree,Sometimes (less than half the time),Almost always,Often (more than half the time),Sometimes (less than half the time),Increase,Decrease,No change observed,Increase,Very concerned,Very concerned,Somewhat concerned,Very concerned,Increase,Increase,Increase,No change observed,Increase,Decrease,Increase,Very concerned,Very concerned,Very concerned,Very concerned,Somewhat concerned,Very concerned,Very concerned,Moderately familiar,Moderately familiar,,9,3,4,5,10,7,6,8,1,2,0.937,85.955,87.377,32,"Yes, it is caused by human activities",Agree,Agree,Agree,Agree,Agree,Neither agree nor disagree,Agree,Strongly disagree,Disagree,,Be entered into the prize drawing,thaniajbejarano@gmail.com,Kayaking
2025-05-07 12:44:48,2025-05-07 13:06:04,IP Address,172.56.121.138,100,1275,True,2025-05-07 13:06:05,R_7jMKCVwQxt27ZIV,,,,,34.1867,-118.3878,qr,EN,I consent,A lot more time,Once every couple months,Southern California,,,San Diego,,,,,275,435,,,,,,,,,,,,,,,,,,,,,,,,,,,,,"Visit a State Marine Protected Area (MPA),Visit a National Marine Sanctuary,Visit a State Park,Visit a National Park","Beach games or sports (e.g., frisbee, volleyball, yoga),Driving or sitting in your car to enjoy the views/sunsets,Festivals with music and/or food (e.g., earth day),Observing or photographing nature or wildlife, outdoor education,Snorkeling/Scuba Diving,Stand up paddleboarding/Kite or sailboarding/Kayaking,Walking or running",,"Beach games or sports (e.g., frisbee, volleyball, yoga)",,Getting a ride from friends or family,,Less than 30 minutes,"School, class, group, religious community, club, etc.",,"With friends or colleagues,With a school, class, club, or religious community group",,,,,,,,,,Sharks,"Crabs ","Sea stars ",Once or twice,Once or twice,92115,,I've lived in California for the number of years marked below:,26,Hispanic or Latino,,,,,,Female,1998,"$60,000 to $119,000","Graduate degree (professional, Masters, PhD, etc)",,1,0,Intermediate,I went for the day,,5,0,0,0,0,$10,0,$60,0,20,,,,,,,,,,,,1.762,42.123,45.825,24,"Neither agree nor disagree
",Agree,Agree,Agree,Agree,Agree,Agree,Agree,Agree,Strongly agree,Strongly agree,Agree,Strongly agree,Agree,Strongly agree,Strongly agree,Agree,Strongly agree,Strongly agree,Strongly agree,Agree,Agree,Agree,Disagree,Neither agree nor disagree,Disagree,Neither agree nor disagree,Agree,Neither agree nor disagree,Sometimes (less than half the time),Often (more than half the time),Sometimes (less than half the time),Sometimes (less than half the time),Increase,Decrease,No change observed,Strong increase,Somewhat concerned,Somewhat concerned,Not at all concerned,Very concerned,Increase,Increase,Increase,No change observed,Increase,Decrease,No change observed,Very concerned,Very concerned,Very concerned,Very concerned,Very concerned,Very concerned,Very concerned,Extremely familiar,Extremely familiar,,7,1,2,4,10,5,3,6,9,8,2.894,66.346,69.249,26,"Yes, it is caused by both human activities and natural forces",Strongly agree,Strongly agree,Strongly agree,Strongly agree,Agree,Neither agree nor disagree,Strongly agree,Disagree,Disagree,,"Receive an email update with the results of the survey,Be contacted to participate if we repeat this survey in a future year,Be entered into the prize drawing",Ajquintero@sdsu.edu,Channel Islands Day Trip (from Ventura Harbor)
2025-05-07 12:53:24,2025-05-07 13:28:45,IP Address,12.75.215.57,100,2121,True,2025-05-07 13:28:46,R_5Xd8KYp9UVsyO77,,,,,33.8405,-117.9526,qr,EN,I consent,More time,Several times per month,Southern California,,,San Diego,,,,,,,,,,,,,,,,,,,,,,,,,,,,,,,,,,,,"Group or family gatherings or activities (e.g., family outing, bbq),Meditation, reading, and/or relaxing,Observing or photographing nature or wildlife, outdoor education,Surfing,Swimming or bodysurfing,Walking or running",,"Meditation, reading, and/or relaxing",,Personal vehicle,,More than 2 hours,I taught myself and/or started by myself,,"Alone,With family,With friends or colleagues",,,,,,,,,,"dolphins ","shore birds ",seashells,Once or twice,A few times a week,92107,,I've lived in California for the number of years marked below:,"9 months ",White,,,,,,Female,1997,"$60,000 to $119,000","Graduate degree (professional, Masters, PhD, etc)",,1,0,Intermediate,I went for the day,,0,,,,,5,,,,,,,,,,,,,,,,6.477,33.968,35.173,11,"Strongly disagree
",Agree,"Neither agree nor disagree
","Neither agree nor disagree
","Neither agree nor disagree
",Agree,"Strongly agree
",Agree,"Strongly agree
",Strongly agree,Agree,Agree,Strongly agree,Strongly agree,Strongly agree,Neutral,Agree,Agree,Agree,Agree,Agree,Agree,Agree,Neither agree nor disagree,Disagree,Disagree,Disagree,Disagree,Neither agree nor disagree,Often (more than half the time),Often (more than half the time),Often (more than half the time),Often (more than half the time),Increase,Decrease,No change observed,Increase,Very concerned,Very concerned,Very concerned,Very concerned,Increase,Increase,Increase,Decrease,No change observed,No change observed,No change observed,Very concerned,Very concerned,Very concerned,Very concerned,Very concerned,Very concerned,Very concerned,Slightly familiar,Slightly familiar,,6,10,9,7,8,3,2,1,5,4,6.692,233.744,236.253,30,"Yes, it is caused by human activities",Disagree,Strongly agree,Agree,Agree,Neither agree nor disagree,Neither agree nor disagree,Agree,Disagree,Neither agree nor disagree,"I’m new to California, from Minnesota but we have coastal issues along Lake Superior as well so i’m learning but a coastal warrior advocate for all water!","Be contacted to participate if we repeat this survey in a future year,Be entered into the prize drawing",sdgreen@sdsu.edu,Channel Islands Day Trip (from Ventura Harbor)
2025-05-07 14:05:06,2025-05-07 14:42:19,IP Address,174.193.196.214,100,2232,True,2025-05-07 14:42:19,R_1uyyGkyaiVYKFX1,,,,,34.0515,-118.2707,qr,EN,I consent,A lot more time,Once every couple months,Southern California,,,San Diego,,,,,185,180,,,,,,,,,,,,,,,,,,,,,,,,,,,,,"Visit a State Marine Protected Area (MPA),Visit a National Marine Sanctuary,Visit a State Park,Visit a National Park","Beach games or sports (e.g., frisbee, volleyball, yoga),Bicycling, roller skating, skateboarding, etc,Driving or sitting in your car to enjoy the views/sunsets,Festivals with music and/or food (e.g., earth day),Group or family gatherings or activities (e.g., family outing, bbq),Meditation, reading, and/or relaxing,Observing or photographing nature or wildlife, outdoor education,Paid work,Snorkeling/Scuba Diving,Swimming or bodysurfing,Walking or running,Volunteering (e.g., beach clean-ups)",,Swimming or bodysurfing,,Personal vehicle,,Less than 1 hour,"Family member (i.e., parent, sibling, cousin, etc.)",,"With family,With friends or colleagues",,,,,,,,,,California Sea Lion,Bullwhip Kelp,Nudibranches,A few times a week,About once a week,92114,,I've lived in California for the number of years marked below:,28,"Hispanic or Latino,White",,,,,,Female,1995,"$40,000 to $59,999",College graduate (bachelor degree),,4-5,1,Advanced,I went for the day,,1,,,,,,,,,,,,,,,,,,,,,1.11,16.328,18.169,9,"Neither agree nor disagree
","Strongly disagree
",Agree,Agree,Agree,"Strongly agree
","Strongly agree
","Strongly agree
","Strongly agree
",Strongly agree,Strongly agree,Strongly agree,Strongly agree,Strongly agree,Strongly agree,Strongly agree,Strongly agree,Strongly agree,Strongly agree,Strongly agree,Strongly agree,Strongly agree,Strongly agree,Strongly agree,Strongly agree,Strongly agree,Disagree,Agree,Strongly disagree,Almost always,Almost always,Almost always,Almost always,Strong increase,Increase,Strong increase,No change observed,Very concerned,Very concerned,Very concerned,Very concerned,Strong increase,Strong increase,Strong increase,Strong decrease,Strong increase,Strong decrease,Strong increase,Very concerned,Very concerned,Very concerned,Very concerned,Very concerned,Very concerned,Very concerned,Very familiar,Moderately familiar,,1,3,10,8,6,2,7,4,9,5,0.661,67.947,68.326,29,"Yes, it is caused by human activities",Agree,Strongly agree,Strongly agree,Strongly agree,Strongly agree,Strongly agree,Strongly agree,Strongly disagree,Strongly agree,,Be entered into the prize drawing,,Channel Islands Day Trip (from Ventura Harbor)
2025-05-07 15:42:20,2025-05-07 16:00:43,IP Address,172.56.183.185,100,1102,True,2025-05-07 16:00:44,R_1RPNJBk4ahiBSVt,,,,,33.9249,-117.4592,qr,EN,I consent,More time,Once every couple months,Southern California,,,Ventura,,,,,,,248,105,,,,,,,,,,,,,,,,,,,,,,,,,,,"Visit a State Marine Protected Area (MPA),Visit a National Marine Sanctuary,Visit a State Park,Visit a National Park","Cultural or religious practices or ceremonies,Snorkeling/Scuba Diving,Stand up paddleboarding/Kite or sailboarding/Kayaking,Swimming or bodysurfing,Walking or running",,Cultural or religious practices or ceremonies,,Personal vehicle,,Less than 2 hours,"Cultural practioner (i.e., Indigenous or traditional knowledge holder)",,"With family,With a school, class, club, or religious community group,With a cultural practitioner (Indigenous or traditional knowledge holder)",,,,,,,,,,"Dolphin ",Swordfish,Starfish,Once or twice,Once or twice,91331,,I've lived in California for the number of years marked below:,15,American Indian or Alaska Native,,,,"Yes, but not formally affiliated","Tongva, Chumash.",Male,,"$60,000 to $119,000",Some high school or high school graduate (includes GED,,2,1,Intermediate,I went for the day,,20+,0,0,20,0,20,0,150,300,400,,,,,,,,,,,,1.347,67.309,70.061,45,"Strongly agree
",Agree,Agree,Agree,"Strongly agree
",Agree,Agree,"Neither agree nor disagree
",Agree,Agree,Agree,Agree,,Agree,Agree,Agree,Agree,Agree,Agree,Agree,Disagree,Neither agree nor disagree,Agree,Agree,Agree,Agree,Agree,Strongly agree,Neither agree nor disagree,Sometimes (less than half the time),Often (more than half the time),Often (more than half the time),Almost always,No change observed,No change observed,Increase,Strong increase,Somewhat concerned,Very concerned,Very concerned,Very concerned,Increase,No change observed,Increase,Decrease,Increase,Decrease,Decrease,Somewhat concerned,Somewhat concerned,Somewhat concerned,Somewhat concerned,Somewhat concerned,Somewhat concerned,Somewhat concerned,Slightly familiar,Slightly familiar,,5,10,8,9,1,7,6,4,2,3,1.038,32.775,33.964,22,"Yes, it is caused by both human activities and natural forces",Neither agree nor disagree,Agree,Agree,Agree,Agree,Neither agree nor disagree,Neither agree nor disagree,Neither agree nor disagree,Neither agree nor disagree,N/A,,,
2025-05-07 15:39:47,2025-05-07 16:04:49,IP Address,172.56.186.214,100,1501,True,2025-05-07 16:04:50,R_7pfGWEDyWDUOvTf,,,,,34.2183,-118.3718,qr,EN,I consent,A lot more time,Once a year,Southern California,,,Los Angeles,,,357,157,,,,,,,,,,,,,,,,,,,,,,,,,,,,,,,"Visit a State Marine Protected Area (MPA),Visit a National Marine Sanctuary,Visit a State Park","Driving or sitting in your car to enjoy the views/sunsets,Fishing or collecting food,Group or family gatherings or activities (e.g., family outing, bbq),Meditation, reading, and/or relaxing,Surfing,Swimming or bodysurfing,Walking or running,Volunteering (e.g., beach clean-ups)",,Walking or running,,Personal vehicle,,Less than 30 minutes,"Family member (i.e., parent, sibling, cousin, etc.)",,Alone,,"Fishing from piers and jetties using fishing rod, trap, or other gear",,"⁠Subsistence fisher (e.g., fishing mainly to feed yourself/family)",,,,,,Fish,Abalone.,Clam,Never,Once or twice,90032,United States,I've lived in California for the number of years marked below:,55,"Another race or ethnicity, please specify:",Xicana  Indigenous,,,,,Female,1969,"$60,000 to $119,000",College graduate (bachelor degree),,3,0,Intermediate,I went for the day,,4,,,,,,,,,,,,,,,,,,,,,4.197,22.439,23.1,14,"Strongly disagree
",Disagree,Agree,Agree,Agree,Agree,"Strongly agree
","Strongly agree
","Strongly agree
",Agree,Agree,Agree,Strongly agree,Agree,Strongly agree,Strongly agree,Agree,Strongly agree,Strongly agree,Strongly agree,Neither agree nor disagree,Disagree,Neither agree nor disagree,Agree,Agree,Neither agree nor disagree,Disagree,Neither agree nor disagree,Disagree,Rarely,Often (more than half the time),Sometimes (less than half the time),Often (more than half the time),Increase,Increase,Decrease,Increase,Very concerned,Very concerned,Very concerned,Very concerned,Increase,Increase,Increase,Decrease,Strong increase,Strong decrease,Increase,Very concerned,Very concerned,Very concerned,Very concerned,Very concerned,Very concerned,Very concerned,Moderately familiar,Moderately familiar,,2,7,9,8,6,1,10,3,5,4,2.844,174.54,175.4,63,"Yes, it is caused by human activities",Agree,Agree,Strongly agree,Strongly agree,Strongly agree,Disagree,Agree,Disagree,Disagree,I love it so much and it saddens me how mainly commercial industry has contaminated the waters causing the death of so many of our ocean relatives. The commercialization of our fish relatives is exploitive and now we and the younger generations will pay the dear price for our filthy and selfish habits.,Receive an email update with the results of the survey,Maritza@sacredplacesinstitute.org,Channel Islands Day Trip (from Ventura Harbor)
2025-05-07 15:59:02,2025-05-07 16:23:57,IP Address,172.56.121.90,100,1495,True,2025-05-07 16:23:58,R_3Pt0m7mx0mNc3fu,,,,,34.1867,-118.3878,qr,EN,I consent,More time,Once every couple months,Southern California,,,Santa Barbara,,,,,,,,,470,269,,,,,,,,,,,,,,,,,,,,,,,,,"Visit a State Marine Protected Area (MPA),Visit a National Marine Sanctuary,Visit a State Park","Cultural or religious practices or ceremonies,Meditation, reading, and/or relaxing",,Cultural or religious practices or ceremonies,,Personal vehicle,,Less than 2 hours,"Cultural practioner (i.e., Indigenous or traditional knowledge holder)",,"With family,With friends or colleagues,Other, please specify:",With my Tribal communities.,,,,,,,,,Sea grass,"Dolphins ","Whales ",Once or twice,Never,91331,,I've lived in California for the number of years marked below:,63,American Indian or Alaska Native,,,,Yes - a non-federalized Tribe,Gabrielino Tongva and Chumash.,Female,1961,"$40,000 to $59,999",Some college (less than or equal to 2 year associate’s degree),,2,0,Intermediate,I went for the day,,15,0,0,400,0,900,0,0,500,0,,,,,,,,,,,,13.271,210.78,211.333,68,,"Strongly agree
","Strongly agree
","Strongly agree
",Agree,"Neither agree nor disagree
",Agree,Agree,Disagree,Strongly agree,Agree,Neutral,Strongly agree,Disagree,Agree,Strongly agree,Neutral,Agree,Agree,Agree,Agree,Neither agree nor disagree,Agree,Neither agree nor disagree,Neither agree nor disagree,Neither agree nor disagree,Strongly disagree,Strongly agree,Agree,Sometimes (less than half the time),Often (more than half the time),Almost always,Sometimes (less than half the time),Strong increase,Decrease,Increase,Strong increase,Very concerned,Very concerned,Somewhat concerned,Not at all concerned,Increase,Increase,No change observed,Increase,No change observed,Strong decrease,Increase,Very concerned,Very concerned,Somewhat concerned,Very concerned,Somewhat concerned,Very concerned,Somewhat concerned,Extremely familiar,Moderately familiar,,2,7,10,9,8,3,5,1,6,4,7.293,144.713,145.474,33,"Yes, it is caused by human activities",Agree,Agree,Neither agree nor disagree,Neither agree nor disagree,Strongly agree,Strongly agree,Agree,Disagree,Disagree,"Protecting our waters, lands, ecosystems, and all life is critical. ",,,
2025-05-07 13:30:41,2025-05-07 13:44:46,IP Address,108.147.175.104,72,845,False,2025-05-07 17:44:53,R_6MAlZnHjopP4HnP,,,,,39.7391,-104.9866,qr,EN,I consent,More time,Several times per month,Southern California,,,Ventura,,,,,,,220,121,,,,,,,,,,,,,,,,,,,,,,,,,,,"Visit a State Marine Protected Area (MPA),Visit a National Marine Sanctuary,Visit a State Park,Visit a National Park","Bicycling, roller skating, skateboarding, etc,Driving or sitting in your car to enjoy the views/sunsets,Group or family gatherings or activities (e.g., family outing, bbq),Observing or photographing nature or wildlife, outdoor education,Surfing,Walking or running",,"Observing or photographing nature or wildlife, outdoor education",,Bicycle or walking,,Less than 1 hour,Friends or colleagues,,"Alone,With family,With friends or colleagues,With a school, class, club, or religious community group",,,,,,,,,,Dudleya,Thrashers,Dolphins,Once or twice,Once or twice,93001,,I've lived in California for the number of years marked below:,27,Hispanic or Latino,,,,,,Female,1989,"$60,000 to $119,000",College graduate (bachelor degree),,1,0,Beginner,I went for the day,,4,0,0,0,0,0,0,20,0,0,,,,,,,,,,,,1.206,49.475,50.663,33,Agree,Agree,Agree,"Strongly agree
","Strongly agree
","Strongly agree
","Strongly agree
",Agree,Agree,Strongly agree,Strongly agree,Agree,Agree,Agree,Agree,Agree,Strongly agree,Strongly agree,Agree,,,,,,,,,,,,,,,,,,,,,,,,,,,,,,,,,,,,,,,,,,,,,,,,,,,,,,,,,,,,,,,,,,,
2025-05-07 13:46:07,2025-05-07 13:54:42,IP Address,108.147.175.104,3,515,False,2025-05-07 17:54:45,R_6yIUVANlibhqFt7,,,,,39.7391,-104.9866,qr,EN,I consent,,,,,,,,,,,,,,,,,,,,,,,,,,,,,,,,,,,,,,,,,,,,,,,,,,,,,,,,,,,,,,,,,,,,,,,,,,,,,,,,,,,,,,,,,,,,,,,,,,,,,,,,,,,,,,,,,,,,,,,,,,,,,,,,,,,,,,,,,,,,,,,,,,,,,,,,,,,,,,,,,,,,,,,,,,,,,,,,,,,,,,,,,,,,,,,,,,,,
2025-05-07 15:39:00,2025-05-07 15:41:51,IP Address,172.56.183.185,34,171,False,2025-05-07 19:41:59,R_7m8uCHxXVcm4vn3,,,,,33.9249,-117.4592,qr,EN,I consent,More time,Once every couple months,Southern California,,,Ventura,,,,,,,218,130,,,,,,,,,,,,,,,,,,,,,,,,,,,"Visit a State Marine Protected Area (MPA),Visit a National Marine Sanctuary,Visit a State Park,Visit a National Park","Cultural or religious practices or ceremonies,Snorkeling/Scuba Diving,Stand up paddleboarding/Kite or sailboarding/Kayaking,Swimming or bodysurfing,Walking or running",,,,,,,,,,,,,,,,,,,,,,,,,,,,,,,,,,,,,,,,,,,,,,,,,,,,,,,,,,,,,,,,,,,,,,,,,,,,,,,,,,,,,,,,,,,,,,,,,,,,,,,,,,,,,,,,,,,,,,,,,,,,,,,,,,,,,,,,,,,,,,,,,,,,,,,,,,
2025-05-07 15:42:02,2025-05-07 15:42:08,IP Address,172.56.183.185,3,5,False,2025-05-07 19:42:11,R_7DGR47aqX7xRqG5,,,,,33.9249,-117.4592,qr,EN,I consent,,,,,,,,,,,,,,,,,,,,,,,,,,,,,,,,,,,,,,,,,,,,,,,,,,,,,,,,,,,,,,,,,,,,,,,,,,,,,,,,,,,,,,,,,,,,,,,,,,,,,,,,,,,,,,,,,,,,,,,,,,,,,,,,,,,,,,,,,,,,,,,,,,,,,,,,,,,,,,,,,,,,,,,,,,,,,,,,,,,,,,,,,,,,,,,,,,,,
2025-05-07 15:25:23,2025-05-07 15:51:00,IP Address,172.56.122.169,51,1536,False,2025-05-07 19:51:00,R_3rNuMH9YQaC52c9,,,,,34.1867,-118.3878,qr,EN,I consent,More time,Once every couple months,Southern California,,,Santa Barbara,,,,,,,,,493,260,,,,,,,,,,,,,,,,,,,,,,,,,"Visit a State Marine Protected Area (MPA),Visit a National Marine Sanctuary,Visit a State Park","Cultural or religious practices or ceremonies,Meditation, reading, and/or relaxing",,Cultural or religious practices or ceremonies,,Personal vehicle,,Less than 2 hours,"Cultural practioner (i.e., Indigenous or traditional knowledge holder)",,"With family,With friends or colleagues,Other, please specify:",With my Tribal communities.,,,,,,,,,Sea grass,"Dolphins ",Whales,Once or twice,Never,91331,,I've lived in California for the number of years marked below:,63,American Indian or Alaska Native,,,,,,,,,,,,,,,,,,,,,,,,,,,,,,,,,,,,,,,,,,,,,,,,,,,,,,,,,,,,,,,,,,,,,,,,,,,,,,,,,,,,,,,,,,,,,,,,,,,,,,,,,,,,,,,,,,,,,,,,,,,,,,
2025-05-07 15:51:00,2025-05-07 15:59:02,IP Address,172.56.122.169,65,482,False,2025-05-07 19:59:09,R_7qKdDZ0xZnu25P5,,,,,34.1867,-118.3878,qr,EN,I consent,More time,Several times per month,Southern California,,,Santa Barbara,,,,,,,,,477,276,,,,,,,,,,,,,,,,,,,,,,,,,"Visit a State Marine Protected Area (MPA),Visit a National Marine Sanctuary,Visit a State Park","Cultural or religious practices or ceremonies,Meditation, reading, and/or relaxing",,Cultural or religious practices or ceremonies,,Personal vehicle,,Less than 2 hours,"Cultural practioner (i.e., Indigenous or traditional knowledge holder)",,"With family,With friends or colleagues,Other, please specify:",With my Tribal communities.,,,,,,,,,Sea grass,"Dolphins ",Whales,Once or twice,Never,91331,,I've lived in California for the number of years marked below:,63,American Indian or Alaska Native,,,,Yes - a non-federalized Tribe,"Gabrielino Tongva and Chumash ",Female,1961,"$40,000 to $59,999",Some college (less than or equal to 2 year associate’s degree),,2,0,Intermediate,I went for the day,,39,,,,,,,,,,,,,,,,,,,,,,,,,,,,,,,,,,,,,,,,,,,,,,,,,,,,,,,,,,,,,,,,,,,,,,,,,,,,,,,,,,,,,,,,,,,,,,,,,,,,,,,,,,,,,,
