"ResponseId","Number"
"R_09QkWSzAlAfCJHM",3
"R_0Al0DO1oKpK6FAJ",3
"R_0c0ZDvx33Keb6H8",2
"R_0C6qnBQ0WQDzGB1",2
"R_0ddEoOuocaCwWoT",3
"R_0Dhw9hek74CbZ4Q",1
"R_0dqEtf30251XUtG",3
"R_0elrrUZAjIOJYcr",2
"R_0jckUZBTdt8uy9K",1
"R_0jNW9sSaYFxbEHA",1
"R_0nvK4pnDYGjNByV",1
"R_0rP8ICzf6UNrs5O",1
"R_0uAuLy0yE8dntr9",3
"R_0uXmSa3S1p8ZwDo",1
"R_0V2RQWmea9p6Knt",1
"R_0Yq00VlRc7tyyRL",4
"R_10cuBV17OPzzOcd",5
"R_10HpRrING0gvhKP",5
"R_10SqutTCMJyToyJ",1
"R_10x6BRtAsa9iBPu",4
"R_10YqjGhBf8PMOhv",3
"R_11bzYHqMpDdv7tw",2
"R_11vUWKbwgSAovy6",5
"R_11Xhd0KQkwrkozk",1
"R_123mlrqlZwtfXgG",1
"R_12JfEjPiKLYXxSf",2
"R_12s1HrelXIuiVMA",1
"R_12wGEDxfRTU2bLZ",1
"R_137IEZ3kd17cWyZ",2
"R_13aAhJ8ZxZF7bot",2
"R_13deSgI6IlIDwsR",1
"R_13e2p461UxC4oLL",5
"R_13UhdSYqV6D0lkE",1
"R_13wBn6pRdxxUHp9",4
"R_14QxyGUQ9D6tyG5",5
"R_15GUDh8rClR1QBV",1
"R_16409znyrumPk7H",1
"R_17lnUYYXDlyjMnx",2
"R_17rOSi2nNjFpGnM",2
"R_18ZhzabLu7XWaVB",1
"R_18ZKVl6IFyi4VtZ",3
"R_1964VFE1opIZ5SN",1
"R_19btaRHFdhKxfwe",1
"R_19dccgjg6UV4WSy",1
"R_1axdclLH8sPat9F",5
"R_1b14hBA2foZWohr",1
"R_1c2FJ0ZTtanuMj7",5
"R_1C4AzuwqHGIkM93",1
"R_1C8demBHRDEBiJH",3
"R_1CDyrjTGSM4spu9",1
"R_1CHrRZekDoZYsW3",5
"R_1CjO37Jq0OozhBL",1
"R_1Cl6ovyPdbxDwib",5
"R_1Clqh86YdUJnBeG",2
"R_1CP64lzMEAcZ8m8",1
"R_1Cpq5u881M5fdS1",1
"R_1CvvQWfSzSdR8sM",2
"R_1CyFXf4mT7GK9QO",1
"R_1D7ujFRfJ2MgENj",1
"R_1dAVG84HX9HnBuC",1
"R_1dKT47tBS93VimO",3
"R_1dNC4Hu5TI1cod7",1
"R_1e1UjmcUqiSlpHY",2
"R_1E73Iuu2X9N8rsM",2
"R_1e8WPq63TxkfRvD",1
"R_1EgvbYNIAKn32gU",2
"R_1Ek5WR7qwxkBKwx",2
"R_1eKIcXbr0CROFR8",3
"R_1EmrboAWDH7mHyn",5
"R_1eP8AE7obm11yde",5
"R_1EQfLERquHcaXy8",2
"R_1eQtluPQoEbSQfN",5
"R_1ex8qQF4RRBXiGr",1
"R_1f0z2Jh5cBD3fME",1
"R_1f2gi4QfxhlLCaa",2
"R_1FDSZiJChffW2oV",1
"R_1fe0MninaW7C3Bt",2
"R_1FfBBxrNHw4XULk",2
"R_1ffBeVmsLw461rn",5
"R_1fpnaunLLxztqT5",5
"R_1FtWfzjVKnitoCG",2
"R_1FVz83H2mQ6uEJg",5
"R_1G0yXwv7kcWyMW1",5
"R_1G3bDWzO4dfKdBp",5
"R_1g9Ruf5HQXqBwXL",3
"R_1GCE5WYe8z62SZK",3
"R_1gNOaQr6VtaFSb4",5
"R_1gOEiYSpMU6vE5L",2
"R_1gpFzdUNsAqq40u",2
"R_1GQ4SWg5gvzcwuJ",3
"R_1gUGd12SVOkgKqp",1
"R_1GwE9v2uc5bRSg7",1
"R_1GwxK7q4Yb0IgJH",5
"R_1Gy8cXvECobuXZF",2
"R_1GYEtOnwMhTZ40p",2
"R_1gZ2kz0B9c32Lw8",5
"R_1hASwb3YyYk9nTT",3
"R_1hDXxiwgFwljajz",5
"R_1hFlwaspCcwGw3V",2
"R_1HHRz3EgpenPu3O",1
"R_1HoeyC4FPqW2oPn",3
"R_1hSUR9lF5vIoObM",1
"R_1IGlkXG6iwmSFNa",2
"R_1IgTFU2RMerC6Qe",5
"R_1iLk2ng0PRzvc1U",4
"R_1ir6sZ03Ad121Qm",5
"R_1IsctOwAAigkwVo",5
"R_1It8BWoXrIKL0C5",1
"R_1IW3SREjdul0HIk",5
"R_1IWOCG72GRkgO61",2
"R_1IWRJe18Hk84JKi",1
"R_1IXxgULtVvx4rej",4
"R_1j7dQl5MUyBoST0",2
"R_1jeZ9sUDZkiZBVj",2
"R_1jJKhim16349VLI",2
"R_1jkvmyZoB4bnyqh",1
"R_1jlXwQw58pvykK8",1
"R_1JYlAZH3VstwQI9",5
"R_1K3kBM6ntbDcZl8",5
"R_1K4P2euOU4cis1P",2
"R_1kHZmhcq5nj9zA5",5
"R_1KLLiTSACfNnDZT",4
"R_1kNVOPrjTgY5CCk",1
"R_1kTbDeIF7BZn4f6",1
"R_1LIRmw8FLPvnO45",4
"R_1lnzNNBMyx1dHR7",3
"R_1lpdQKquOHhpKDF",1
"R_1LuRhTweDihHIvR",2
"R_1LXOUe7rxcPnuqL",3
"R_1lzRY3hTQq8FtDI",1
"R_1MBf9wzublQWj2V",1
"R_1mDZR6w2oBuKFf0",1
"R_1MgLfBzxFkUr7Sw",5
"R_1MMb05fguaaZOYO",2
"R_1MXcaE7JjDGw761",1
"R_1MyRApNz1r3HbcK",5
"R_1n6qvklAQ9M0cfy",5
"R_1n91eFksQeDBS1X",1
"R_1Na6qTcGaHM5SMx",1
"R_1nC3XSGNg4z5fMX",5
"R_1NOlYYiUGiuSSH1",1
"R_1nOVXvARJD0R4Pu",3
"R_1NrD94EBEtjaEWB",1
"R_1nVD3VxcJ1Km68l",5
"R_1O2GhvmGuEWi8cw",1
"R_1oAU9QDVRVISdug",1
"R_1oDVV5xA105XiDv",1
"R_1oHNHuBrFDxzSYJ",2
"R_1OltdRAbVkvZ3Fn",2
"R_1on8nJOfdnZwDlL",1
"R_1oRAKnPNmK6k3Ig",5
"R_1OU0kKRKrQcvj3x",5
"R_1P17uN0jA5KDKr2",2
"R_1p7qQksTzExHwNX",4
"R_1pfSp5qPKRCvi6d",3
"R_1Pi4JfwS3yvEiKU",3
"R_1pMGwQZ32DZtbH9",2
"R_1pO4pk6giyEvRkt",1
"R_1pT2k4otda6iJm0",4
"R_1puaY7cZbzydUWe",1
"R_1pVXdkaQGLJfzxf",3
"R_1pwdMgl22xzj6Df",5
"R_1q9EdIj350z4Niu",5
"R_1qDFYkAhTEG7c77",1
"R_1qfTMHXCCmX4CVq",1
"R_1QGnkNPAD1xwvd7",1
"R_1QGw9n5BzfG62iB",1
"R_1QiIvdZPuDwBx85",5
"R_1qItj8GN3WrG2pr",4
"R_1QLCusSliq9TjSD",4
"R_1QQwCQUykS3HLMt",1
"R_1qQzFDKOzcsSaZi",1
"R_1QSjhaD4YqPXpW9",1
"R_1r0UjQQv8EL9RKV",3
"R_1r17EHjJg23K2v7",2
"R_1r6UBwRisXSLiA9",1
"R_1rCSkpGWotVOKt1",5
"R_1RE0DBwVgUc8q4a",3
"R_1rGWZULQVDurevX",1
"R_1rIagWySr43cYnO",2
"R_1Rl5C2NtnAzdsf4",2
"R_1rNwLOIlDRKgDu5",1
"R_1rNWV8s4NtjslFT",1
"R_1rrlqIg4OlZ3no4",5
"R_1rve8MTl1etYdyX",4
"R_1rvliuJBzRZlYNO",1
"R_1RVwI8VuZUUmHYt",5
"R_1s0twwZGR4NI4eO",3
"R_1S2bYIjiCrJ414h",2
"R_1s67I1jyNN2hD5W",3
"R_1s7e8JKJGuCBr0O",1
"R_1sEQ8XTJpCUeXDz",3
"R_1SJJbUIppWB5cU9",5
"R_1SkH74odzZJmbvR",4
"R_1SLClptjPmlqCB3",1
"R_1sv5fVNLnNpMyWt",5
"R_1t5A65FM3I7UblL",4
"R_1T8hEIUWXo6B5CC",1
"R_1tfLrrapMKMEfV7",1
"R_1TK4W4ViHIzlkqJ",2
"R_1tQ1VxQsOG2QZpH",2
"R_1U3I4x2S8e8gHap",4
"R_1uz81xjOriWqkAf",4
"R_1V0xixgWm6lOqYx",2
"R_1VDDN9uEzvA90z7",5
"R_1vEJwVB6IDHQlxh",2
"R_1VEUHpZvlZ1coi5",5
"R_1VFa6wXpRR87ujR",2
"R_1VgM5YomanJuztt",5
"R_1VpTJbJ1INTGz2a",5
"R_1wExefOTo9l3YtS",5
"R_1wNY5cqnF4cc9GC",1
"R_1xOVNSrnOvLa9XH",1
"R_1Yh2zGtFcAJ8hJL",2
"R_1yl4nQFaOeDt0pX",2
"R_1Z0UYrdVtvF2q3f",1
"R_1zkZpmuCdAwOjgR",3
"R_1ZNDuLb7HoPXzcn",1
"R_1zoN8ZozRVgOsnC",2
"R_21urrJlPQqL9BQv",5
"R_2AJUjhjhoDPISZW",2
"R_2AK6Pqky6gSBaJA",1
"R_2bZ8pZahL7Y8FZv",1
"R_2hUGHG6TcWsw7pk",3
"R_2NECxshE6kJ9j5t",1
"R_2pz1RAwCx2fvj6O",1
"R_2s6d6K7ooAEB6DL",5
"R_2T47GjeOBZyxPJD",5
"R_2xznjLVaRwbr8rz",5
"R_2zU5LbnkJq2uyBT",1
"R_2ZyclOqp9YtGVwP",3
"R_306K9R8ii6ItMYd",1
"R_30HP2l4V7FV5Dma",1
"R_30NEy7fHYuGmVoC",3
"R_31151ZxKpRlEQgN",1
"R_31EOWOPnqYXSVMe",2
"R_31EqvpQBB9A1Iyp",3
"R_31Hvv4TNic9piPR",1
"R_31JgDPdNpeMBU3v",1
"R_31NSSZOi1NcyDO2",1
"R_31SkA58u5boo2Kx",1
"R_31ugB4Dmv7NzSwu",2
"R_31WpFly2QozLsxq",3
"R_31YIDWM6FNKi9Qw",4
"R_32gR3jPErzgAD9l",2
"R_32ogG3XsAFetQiY",5
"R_32Qfom52l09M60i",1
"R_32SzOrhfoturchT",2
"R_331pdKXa7b8dCOs",1
"R_331rlPjZfznpPFi",1
"R_33DUUoVFsVAEMXD",5
"R_33TdbWKv2DdUrsJ",3
"R_341R5JnzBtlQgH8",2
"R_34G9VuhoeqDFdRv",2
"R_34t4QUhiXCSJAcx",1
"R_35ABVwEssGzfKse",3
"R_35ZrDJy70xjzZGM",3
"R_366MaUzYcWMwsCJ",2
"R_369cbwOpVgSe3Nd",5
"R_374ncMJdklQydoA",4
"R_37qim6fmZHtV9LR",2
"R_37splVTXFcK1njW",3
"R_37xHfAYJSssdhTz",1
"R_38XzM6dMevesWJ3",2
"R_39bNuU7tHE1KOEG",1
"R_39GVyswDOn04Wjf",1
"R_3aaavHvyZF83uuJ",1
"R_3abNpGwb8BWRVj7",2
"R_3AIdGhA0MWrReDv",1
"R_3AMd6h5nJi922tp",3
"R_3b3IfEMKEV6mFP3",1
"R_3bFPpHJ5ZM02CNa",4
"R_3BgSbSNWBcgaGMR",5
"R_3bHJGC9Ce6JWQzh",5
"R_3bOgKW4lAJYslfD",5
"R_3bOSCNLOUwHviRM",2
"R_3Cdt6GzZuZdYY83",3
"R_3CJFqJRltDoYr1u",1
"R_3cjvblHKuNfYDpp",2
"R_3coTspsqdBelvat",1
"R_3CT26ytHLmrOTez",3
"R_3cTWXe7HjiwMRXu",5
"R_3D1zHNVSdeAgavA",1
"R_3D78tEUipAiTktJ",2
"R_3dSGfinwrmEhlb4",2
"R_3DTzzhXXMZRnRWV",5
"R_3dzBeZfKeVQqkrG",2
"R_3e9fSRfNfno0K2A",1
"R_3EBrjFmT4OLc2Ea",1
"R_3eFNZimWIGXXv2v",5
"R_3eh267oyXm2ZkJz",1
"R_3EoAudtmo41ESdb",1
"R_3eVP6HHjySfSJC8",5
"R_3f3evtZsrVhM8TO",2
"R_3f3P5jMApiCe1U2",5
"R_3f71VSQDcBR7Eim",5
"R_3FB9hXpubAdjpId",2
"R_3fHb9QJbkYjAhQy",5
"R_3fHzG9UPhIlaVWo",4
"R_3fj4iKC6DP7SJlo",1
"R_3Fk6ym3C08qfiFP",1
"R_3fl7b4cSREEb9qt",1
"R_3Fx5eYWGRaR7Fe7",1
"R_3fXl3zaELHlnnhv",5
"R_3FxqCBkfcKG7xkv",1
"R_3g6irl4shUQ1jaN",1
"R_3g74mfw3iyJSFmS",2
"R_3gEuvpvH5MAIpLz",3
"R_3gGFIeHEq6jBbO2",1
"R_3gINKGWyyxozu1k",5
"R_3GJSjEcwRNMSyNU",5
"R_3GK3zc94CWPS8ss",1
"R_3gpDgHzl9YzlL0Y",1
"R_3GPKnw9a7v8Q8sZ",3
"R_3GpM9bdRaJtEeBh",5
"R_3hbXGb0qzy7fUGd",3
"R_3He5kHQ3Gj11xk2",2
"R_3HGlXbI4rAnT9a2",1
"R_3HhLsQ9fPzK3RVr",1
"R_3HOlXshp1sdWSlH",4
"R_3hRp59w3rBrminV",1
"R_3hTojkP0E3Vix3n",4
"R_3iCsfgGyDZmmqT7",2
"R_3IcSNnv5vhdQXsz",5
"R_3iqe6vnfSM75LRA",1
"R_3is6yMCs6CkhgK5",1
"R_3it1EcNQleDDlp1",1
"R_3It2mLloI6IRLOu",2
"R_3ITcI6b9T58qzQP",5
"R_3j95F9iFSlq1RfE",5
"R_3jdOdj92Oha73jR",1
"R_3jJuYeFS1QnBCUN",1
"R_3JqEZwb5aVT5aQC",5
"R_3KDYxlAmJPOYDTW",4
"R_3KGqj6lOlEoQSYh",2
"R_3kidsOUDDwCsNkO",1
"R_3kieXWH15hF1Y8e",1
"R_3kkOXN4dEeGoOLt",3
"R_3kNDO68uxJMJ6AU",3
"R_3KoyUqR1emFavCV",2
"R_3KPFrngaGIkEQv2",2
"R_3kpmVUfGw9PAOnn",5
"R_3KqPr5rjKPdLCky",5
"R_3KrHrhjSHo5U8BH",1
"R_3kUixwRLFUEBviP",5
"R_3KW1c8EvFnGSrm1",5
"R_3KwrFHEK5iKfjGd",1
"R_3Kxyb3lnnZCi6I8",1
"R_3L10LWMMMjRB4Sq",1
"R_3l3flEM4TFnRhol",1
"R_3LALIGKjjpngXiV",5
"R_3lFubmQFhfKaIXD",1
"R_3lMOczl65rN7VTJ",3
"R_3LRcfNrUJtOxjLH",5
"R_3LXXHYVn5odQHbr",4
"R_3M6jOPlgsIZLWKO",2
"R_3mfaiA1dLM9hBMD",5
"R_3mJ0tP8LyIdbI0s",1
"R_3mlR6rBRBS9qkQb",1
"R_3MXkfo36CID6B54",1
"R_3n1qBJeYoHsYVOY",2
"R_3NmijnHkmwFen36",1
"R_3nvAZv41PupoM1r",5
"R_3O7TDVJRFE69jpq",1
"R_3OJwTNlG4Blr7rB",4
"R_3OkJWMYr4llhZHp",1
"R_3OSXTpDurZQWEy5",2
"R_3oz5cJWOwkQAoul",1
"R_3p0Wn3kWAmYmzbb",1
"R_3pg4wWBw6qATWOW",1
"R_3pGVZH8AC1Eb4eH",1
"R_3Po5ZwP05kUDdkv",5
"R_3PSNTlE4gcOvXVb",1
"R_3PX1yv2JoOed6dw",5
"R_3PZulHTxcmQLAUb",3
"R_3QAF8JFkKVDOVSo",5
"R_3QDS9N7yxoZuaGD",1
"R_3QfLTZZ6PRck4Wd",1
"R_3qfR9RlD9D6AzI0",5
"R_3QFRbBnIpV7Nlig",5
"R_3QJDKa1FSQbYRxm",2
"R_3QjV1FvvADP2Oxb",2
"R_3qqyxL45GqLvqw9",2
"R_3qreLZY7YrjXRXl",1
"R_3QuBoXy9jsXqy6U",1
"R_3QuFfgrTzwYbOR2",3
"R_3qvWO75LLsDYfct",5
"R_3qX0D1BrV2AqZi0",5
"R_3r2lLDPJze0dVZY",5
"R_3R7rF71qQfyJtOF",1
"R_3rAwPX4UWe3SLA4",1
"R_3RGyi7nnKXlfgk1",1
"R_3rj5WZkIXvI3Sl4",3
"R_3rqSETlUK9oSYAS",5
"R_3rSXgk5qHEOebsm",1
"R_3rT7ekWfxgg5CwL",3
"R_3s0XEujz5Jmi8mJ",5
"R_3saZtHaBds8dhVD",3
"R_3sjK0CKWUL2HxYe",5
"R_3sp3yDUdkavayf4",3
"R_3t9g4yoFu0Vfh2G",2
"R_3tFpBl5Nqqx2lDS",5
"R_3UfffDoEp4jPbNL",3
"R_3uHvCC2ziFY5Z1i",4
"R_3UKJPBLtqCVbFyV",4
"R_3uoEh7oyG7NEl7r",3
"R_3UX8UKpXFACFeCF",1
"R_3uxfNanrV5IO7Wp",5
"R_3v04ULjhl6Fgld7",1
"R_3v65rB3zoXCbaQX",1
"R_3v8vQdyKDotoL05",5
"R_3VFrpIDlSjMwV0d",5
"R_3VKJ5N1caSklIp9",2
"R_3vyjc1RSl6yHfgJ",5
"R_3W0u9wxUWR5opM4",4
"R_3wFatdWCNhfPw9P",3
"R_3wRWjVGPRoPZsSM",5
"R_3WU08NAX4Th90d3",1
"R_3WZDC52Da9ia9fr",2
"R_3XcfV0dr0DzzEs3",2
"R_3XoIKoXA9PFlUQ4",1
"R_3Y0GiZF5JTZDXtD",2
"R_3YKIRiVVvVfQa07",2
"R_3yWGB2qIIgTyELL",1
"R_3zbSiqEJAgaXwQO",4
"R_3ZDfslra8T9C6QR",4
"R_3ZTyBfMDTGm00Su",2
"R_40sKCSuWKclTXil",1
"R_41Hnqx3jc4Fwiy7",5
"R_44MwOQXf1WGNOHR",5
"R_45iDLLUKGplgrD3",3
"R_48s2vzcMf2NysVs",2
"R_4bJp81kcnNjCvML",1
"R_4EG7tkiQGDxvrFd",2
"R_4fsWLO8GygSVDiQ",1
"R_4g1aXONFX8LloP6",1
"R_4HG5p2eu3YvZEdh",2
"R_4hJhClSSYJ4tW2W",5
"R_4jyD0J1d8qE819A",1
"R_4oFS0fj2SVF0n17",5
"R_4TubHVjINYe1YR8",2
"R_4Tv9UFp9cH39Owc",5
"R_4ubcWNmv37GVDAP",1
"R_4ywEMc5Drc4qug9",1
"R_50CP9KHCrsYUQpL",5
"R_50H9R1RmFg6eMHT",3
"R_50PCy0R4MO9AuWV",5
"R_51BotUcOrJlfUlo",3
"R_51dBkDiBQdLnZxt",2
"R_51GiTt1thLcekMM",5
"R_51iT0C3P1BjBBhb",1
"R_51jQEhLA0mCgBk5",5
"R_51rEarguACTxPtn",1
"R_51tDzutIwcOtL4B",2
"R_51vAmHCQjR3VMVO",4
"R_52Ads6llNLKFkIX",2
"R_52E7iXZExgebcYP",1
"R_52rmw9DY0PXexKv",2
"R_52zcK5m2DSMJJVG",3
"R_530HOx4zRmzpMCR",1
"R_53TAkx1MTXfJdqF",2
"R_55BAKbODlq5aspx",4
"R_55T5leMpozg9xks",5
"R_56mvCD4aPhuum05",3
"R_57Cia9VBxkTX2vL",5
"R_57LXY8IJIqJknjH",5
"R_57ql4GAUjbfRoqZ",2
"R_57ZBDWhgh5nEeY1",1
"R_58URO8Zm0R46QFq",2
"R_58UuEV22vuoaU6D",1
"R_590yk5708np11Vn",1
"R_5a8Bjfzxyiy3Etz",2
"R_5ahhsDjgur14U2B",5
"R_5aJLVJd0PWZB7sI",3
"R_5atxRJ38SyaMjUN",1
"R_5B8tqQfrrywi2UU",2
"R_5bgkIUwrwpkQ4XT",3
"R_5bKNPFZbYB3kDPH",5
"R_5bOcVut39Qiz2xI",1
"R_5BQL9YEPdIn77fH",1
"R_5bSQWB31U23u2Jz",2
"R_5Bx0kN0OYmxZp8o",2
"R_5BXBONvj6prjZfS",1
"R_5c4Y1oqLR1RbFq9",5
"R_5C8CPbc8idWW33r",1
"R_5CDGs3WmI64ULYi",5
"R_5CGVOwnJRYJeJ5S",1
"R_5CODh0SzfTRP3LB",3
"R_5CvaSUKEg8yyKEe",1
"R_5dcq66IlinJhqR1",3
"R_5DI76scFjOeOTnv",1
"R_5DOooh7z4fldE9Y",2
"R_5dQ7II0cXjegSkH",2
"R_5DtMJZlMH9LbBgo",1
"R_5DvFfzsj3mceVAG",1
"R_5DZg0A6fdKvxRAT",2
"R_5E6tljE8IOVhcQz",1
"R_5ea7ZE7AHprI7TM",3
"R_5ea85U3wYvTE3js",1
"R_5EEfIAKu2rIBXea",3
"R_5ePWbJhbpcL5kOP",1
"R_5eQ0OTiKeTeRTpz",4
"R_5eQnxkhuObQfw8G",5
"R_5eVSOjeNR5zZfn2",1
"R_5eyJ3Uo3ar5wuJb",5
"R_5ezL7lwctBxyYcp",3
"R_5f6sMFv6KHc01Bj",2
"R_5fdbDa2VpGhmagT",1
"R_5FdZBgCwHiQgbtv",3
"R_5FLHcfojXoSO3R3",1
"R_5g1V54DgUqucyik",5
"R_5G4FQka46vSyiOu",1
"R_5g6H14ido5thDk7",5
"R_5gfCFNOXL55WepH",1
"R_5gGKiiSNhvpuFCV",1
"R_5gKdFSBG0iVJ0I1",5
"R_5gP5dhEtcDusTp7",1
"R_5gpUMR135Ht9E1n",2
"R_5gSdjykJW1eBarr",2
"R_5gZZwz5Aij3s2Db",1
"R_5hAyMquk10nnS38",1
"R_5HbZpepeD9HPqr5",1
"R_5i2kPE9KMMz2m5q",5
"R_5i4Z2S0euZme9Lv",1
"R_5i5mTvnZaIeJrmR",2
"R_5I9MVmuf0SncPRg",1
"R_5iD52L5U8f2lDf7",5
"R_5Ihe0cqdVcGT6HP",1
"R_5iQdPPJ36t2Wzk7",1
"R_5iRRHULFXUs9P4l",3
"R_5IRVCS9YSoA6N4K",1
"R_5iyBQUuPq3YH3wG",1
"R_5IZfXL9bJZ3IDHg",4
"R_5J8crnVc0nQxpaE",1
"R_5J8YLqSORcMcNNx",5
"R_5ja60ORycFCboO2",1
"R_5jDIaSnXVV3wQOg",5
"R_5je8MYtpFzuiyDG",4
"R_5Jfti1sR2r8LZ2Y",5
"R_5jJ1cQOZ4uyNGY9",3
"R_5juFe2X2NhYxrXx",3
"R_5jWoaPBdDvIegaR",1
"R_5jZWK3gmdPlD0Vn",2
"R_5kHgZDEyiu9ad9L",1
"R_5kHr7Zpx6RwS69o",5
"R_5KIOv5u2Bkn8jT3",1
"R_5KMSh5VGlVjFrBD",1
"R_5L57wMmaVHJx4x6",1
"R_5lAJ6BBhvlfW13j",5
"R_5laUJQlbIA4w2uM",3
"R_5LItVwxNXUYSRRk",3
"R_5loyWJqDeCRhAxy",2
"R_5luBVKCZYppcz13",1
"R_5luZVqfa8MqCJTr",2
"R_5LZ4oYmtwKuXrkv",5
"R_5LzCQKx1kdUKYe4",5
"R_5M0bDAhfBVmxPn3",3
"R_5M5oEutM5UYEoUR",2
"R_5mC6ZwGLWS88A3r",1
"R_5MffcFsZVUqHKXB",1
"R_5Mgp9hSncMklKd4",1
"R_5mkPw9IlJtQHj9S",2
"R_5MPOt1g7kn5ouhn",1
"R_5mruKY5kzpH7wCF",2
"R_5mtmbDmRP0TUKne",1
"R_5nDl6vcAENjLIfA",1
"R_5nTdgstJfL7fpjX",5
"R_5NxF5VR1uoTVXvp",5
"R_5o5oU3VifFqKMeH",2
"R_5OeqMaRyiwZ1ikF",5
"R_5OGqFfuAnK1l7GR",5
"R_5OJkXQRtb0lmjPc",3
"R_5OK2Qk3sEWi2MfH",5
"R_5ooLPznoqZdmuvg",1
"R_5OUzYrRh0JJJqXs",5
"R_5oyNIFYsBGq9pV7",1
"R_5P6TW9SYTn7paZR",1
"R_5PB5Bq3o5eDH80k",1
"R_5pbtcbn6YiZbeUY",3
"R_5Pe6EcFNE2N4zHK",2
"R_5Pee738u26elOsr",1
"R_5PGqEgjJJqvCJ0H",3
"R_5pgRpwQzULSaWCp",2
"R_5psfFSjxL1ry8R2",1
"R_5PTyyoqDH2qljZB",2
"R_5px5YDv4GhKLtOV",1
"R_5pycKWLfNtSrOtr",1
"R_5q4ChvUWPVOl1WI",5
"R_5qBcBgElJP6i2R4",3
"R_5QEdeZjQpdPRDwd",5
"R_5QhWI5w0maqs04e",5
"R_5QIVKDXMRBqNJBL",2
"R_5QK8J9mU7LzVH31",4
"R_5Qm2XWqRGklX2R7",2
"R_5QN3Z6N3OFUKcke",5
"R_5qxQIY8GAt1KpXL",1
"R_5QzUvliBSO7GKKF",5
"R_5r1R2xXUfDkyaWl",1
"R_5R2PGeEiik2ahpC",5
"R_5r2qqRnX2ysPbeT",1
"R_5r3up23icX54NRN",1
"R_5R4R6oHBOpIwR8T",1
"R_5R977XS974LK8EE",4
"R_5rC4aASgJDKbJMF",1
"R_5rk0zSIVQMxW5wM",1
"R_5rNFbze0CI7YuHg",4
"R_5RPUM3iz2xb4kkQ",2
"R_5rS6FrOvv0GLkyD",2
"R_5RsALLnl5uCNwCD",2
"R_5rVm26EqvyalOEH",2
"R_5RvsgFgMzSSio1z",2
"R_5S6lMjQl53VYwcq",1
"R_5sTgNuCjndEVnyC",2
"R_5sYApCVPrzhho2G",5
"R_5TDjDzaCVWee7s2",5
"R_5U5j06UyDiKNnua",5
"R_5UhE47YYR34w3vX",1
"R_5uKeeblUaEkLqzX",1
"R_5upStsNfPUID0xj",1
"R_5UU5fRcGnCfTVeh",1
"R_5v7zxNQbw7r14XX",2
"R_5vAhMx87T0j0mnT",1
"R_5VsBUJ5VHw96n2p",1
"R_5VsSDdZI9phZdqt",1
"R_5Wb1Je0w9cwUw8k",1
"R_5WCfikSsb9WxKoB",1
"R_5wpksMRv9ri5gFp",3
"R_5WsJ1fyqSFuy9hv",1
"R_5Xi0pCpTYWLhGfZ",1
"R_5xksATMJQ3MK7Ad",2
"R_5Xl9BDhTCYYIeit",5
"R_5xMh4zUS1eBd4tk",1
"R_5y1aSeaHJ7zmpKe",2
"R_5y4lJfOUARPha4k",3
"R_5Y67MYUE3UMu9mO",1
"R_5yC8uw5mdPe9kUV",5
"R_5YDQx7IB7l1cP6z",2
"R_5YGMoPJ7lgS2VDH",1
"R_5YKWZDM32MYAFON",2
"R_5YSKyrnMNzBUJCV",1
"R_5zCucrYE3dMtpAC",5
"R_5zeBNChsAQioOg9",5
"R_5ziOsFnSIwfp5XF",5
"R_5zj7qe5vIIAEQMx",5
"R_5zRVDMjyACUIE1i",1
"R_5zTS0muUpK7MeEV",1
"R_5zZsoF68sh1BkWE",1
"R_60gCZUpZB53BpWN",5
"R_60hDQ2AyBhb3BzY",1
"R_60qJKyLlwuHRZlv",1
"R_60rrcTyDax4yT1L",2
"R_60UIoh0TqwNzEk1",5
"R_60yla2s3YM2NZPH",1
"R_61AVmg2rmlpU1jQ",2
"R_61cqhdjkXJuHIOD",1
"R_61sphw1v7tsp6hb",5
"R_61v2KCuJZo7GGLk",5
"R_61WSQObmuCJ47ph",2
"R_61WVOrz21orWbRG",1
"R_62Lse0eFU1EeqMp",1
"R_6346iLkRMVFQSZN",1
"R_645zbRW5wtDJ5gO",5
"R_64bXcGchyPZNsnl",1
"R_64r9PdiFxUeUKBl",5
"R_6569BpTTgSCKdzP",1
"R_65B0k2d4QevsAbO",3
"R_66d55Txw6ptCs4F",3
"R_68Zq83CLJxXQSxB",5
"R_69AXZyhnHvltQgr",4
"R_6ASvCWJH4WwPrH0",2
"R_6AtE8JFgbGTkVm9",1
"R_6atqDbvOHt2sB5m",2
"R_6B3XTKuqmiKKQJs",1
"R_6BexOPVu82fws6f",5
"R_6BfkLZU6Tgh11D2",2
"R_6bIEvm3wpHNzTZB",5
"R_6bNHpP8uqVEiyvT",1
"R_6BpNQ2L08W2qz3X",3
"R_6BwzZUkaL9UG2dx",2
"R_6c6LiTAJtC1DmRF",1
"R_6cdRV6uzcb2cqPG",1
"R_6CDu8Cx7C5tfsOJ",2
"R_6CoWMUJWguNKkt6",1
"R_6coypuqa2Du620y",1
"R_6cQF3CYofI5qvhT",2
"R_6cqlzjqQMnhoJD4",3
"R_6cvQnla9yH5pzIR",5
"R_6DGcsSBrFw1h9B7",3
"R_6dGwuPhcye9wZDm",1
"R_6dhgqNnaaxpNkq2",2
"R_6dLVGpazNmV30rp",2
"R_6dM6OGsauC0FcGx",1
"R_6dmav8SYEcvvAk5",5
"R_6DZGr285UaQF2hP",1
"R_6e5qpohdrplVVHF",1
"R_6E61h4m80mKmcoy",2
"R_6ElHGbsphzlNXaa",2
"R_6EMg5C7V0HBUVbH",1
"R_6EsNVhWlzFYOqEG",1
"R_6eV0fO81sPllZpH",2
"R_6eVO2Nps8mbvrA3",1
"R_6Evp3kkXqA3ckrT",1
"R_6eVvSXMsn5MdG7K",5
"R_6EYC0eCqHwRLASJ",4
"R_6ezBBNIGQjDSOD1",5
"R_6f11XyEhnKNLL7b",2
"R_6F2jf9vR70pmWfe",5
"R_6faAUhy4ojBjVGF",5
"R_6fbcOrSOtjQEdix",1
"R_6FboZc5TZ6t23kf",1
"R_6fcUsIFxaWX4GyB",4
"R_6ffK4D55iwKKsbW",1
"R_6fjAbSSSOnMoM2b",2
"R_6fJX5CUBAH8cS9Q",2
"R_6FK9QZ7uxqehxDQ",5
"R_6fKjgAC0rR7HeWv",3
"R_6FKz1mKU98QuxLB",4
"R_6FRKmM9RwcVRuxP",2
"R_6fX5r1nPeKoJVAv",2
"R_6g6os2maf2sIleb",1
"R_6GDBR5WyYd1uH8j",4
"R_6gGy9YOupvMAWP0",5
"R_6gUzUf7Zjo0waxH",1
"R_6GvkaqKoMG1t6iR",1
"R_6GvUJdx43ZST0sj",2
"R_6h53iOZnv5cLl9e",3
"R_6H5YlKJRV08g7z7",5
"R_6hFV7jgVIWssdX1",4
"R_6hiM2oupWYT8cCY",5
"R_6HjhIwBRIsxNv8u",1
"R_6hllGtoFwpGwz7z",5
"R_6HNYMQ2qD4XFI53",3
"R_6hSxKkRBtAEiPch",1
"R_6I9N1F6lBGyUuUT",1
"R_6Ij9tNWG33c5GiY",5
"R_6im1FPQFGx6yMTv",1
"R_6Iz1RvPdfXQglAJ",2
"R_6j0eEEitC6NWVII",1
"R_6J4rGTF4dTy2SSR",2
"R_6JDarag9iAl4p9i",2
"R_6jk7ua7pk2tVYV8",3
"R_6jpNHlkqW9XKZEB",1
"R_6Jqm6DVvwma5e1L",5
"R_6Jw4hSm8BK3l8Tn",1
"R_6K770tDsNEopkDa",5
"R_6kBAtLh4pZOKDXH",5
"R_6KCIS9TK2cRS4g1",1
"R_6kk3FbXy2UIiZd2",1
"R_6KkglfqnCctOI8N",5
"R_6KmMn134uq706w9",1
"R_6KZq4CpfsS5P2p3",2
"R_6L2dBeX3lCM8AqI",1
"R_6L8XuiilYch65DH",2
"R_6La21K1b1bL9vNL",3
"R_6lCOScNgjIY9rmp",2
"R_6LDR5h10UPrdv4R",1
"R_6LrkOCP2zXHFTwJ",1
"R_6lsKqA29rACPkRL",2
"R_6MJY55XyKnJHFV0",2
"R_6mKPqE08k9lNWsh",5
"R_6MPQ6alPgDr6KgR",5
"R_6mVJkeSrosVyfmz",1
"R_6mXxiT9sp0PlpXr",5
"R_6N2LsKr2lempXLb",3
"R_6nAhUs8aRZF3UI7",2
"R_6nf4hHnDY5h6gaB",3
"R_6nGPPjTQSgAhtbX",2
"R_6njBNZ0HTA3rv0I",5
"R_6njG6JyOBpJa08j",5
"R_6o1F9kQTsFXYHQt",5
"R_6oc13AxuCtCQeIh",3
"R_6oF6qasnkXX6gnw",4
"R_6OGjNtDr3CWNI2P",5
"R_6OGOLbijnY47SaQ",1
"R_6ORe4DzaGzGJoZj",5
"R_6otEwvbOeXELFw6",1
"R_6OTYSpDHcmqbP68",1
"R_6OUtYW3tvU8ssTq",2
"R_6pb8yyC7nY9iWS4",1
"R_6Pe1JeoQtDFbOht",3
"R_6pLAJrH1fyvPasO",3
"R_6PnE2P7UUtCoFkl",2
"R_6PNREPLrIVNOHEt",3
"R_6PSDywTfEtv5Jdc",4
"R_6PSETnsXlWyp8HL",5
"R_6psWtxsmpkAli6M",3
"R_6pWdptC0PfsY0Lm",4
"R_6Q8NhphPPKqDfeU",1
"R_6QGnCWtotcHHYXY",5
"R_6qWf7xQRj6fVLTq",1
"R_6qwf9zpj6S9DZcL",3
"R_6QxBWPf6ATLG2w9",5
"R_6QYmWHEAKQyjgsE",1
"R_6R4oqMYhrgD4gQX",1
"R_6R4XGqE6fJ2M4ac",5
"R_6R65ClLrxA2Xb7H",5
"R_6R85jRK78h1uBIY",1
"R_6RFVK0fBVbpQz3z",2
"R_6roh7dLPmaIOXB7",5
"R_6Rr6n9JYsib77lD",1
"R_6rSwY93uX9DcbDY",2
"R_6rwMonXwhmFfd6p",2
"R_6rxzPSbTegaZf7G",2
"R_6S5Cm2xesnYC27D",1
"R_6S5R5xMjaw19XEJ",2
"R_6S60FuATStABVG9",2
"R_6SCwEXTiuh6I9ba",5
"R_6sfWRAJRM975j2x",1
"R_6t26IgTyvVosv3r",2
"R_6TC1RPFJjJvdhsB",2
"R_6TF64PqyW5KI2Lr",1
"R_6Ts5rdvkzUfjrFv",2
"R_6TXljK15uXfGf6L",1
"R_6u8IBTqKNCbSSlz",1
"R_6ugAZYp1qjKwD61",1
"R_6UljIe88eGIeHCx",2
"R_6urb2M0i5XaKbq9",2
"R_6utMnsxXM6A11eN",1
"R_6uugw1hnrcDzSHT",3
"R_6v5EPrxTqXy32lD",2
"R_6vwn4Fd8SHZLBLz",1
"R_6w00YFWVJwSTiL9",2
"R_6WCfPbqvrKtSgtV",2
"R_6wnyiXPtnQigzUl",3
"R_6wpS4vxaNrBRTWx",1
"R_6WUSjWJ9cl0E6wX",1
"R_6wYqwkpIB8Doodr",1
"R_6xAizYEftryMEgh",5
"R_6XmklTwGirBZTW1",3
"R_6XQMqG8wmUEvjmw",1
"R_6ydAyM36tOSs3Jg",5
"R_6yGzT19KSmi25zP",5
"R_6yLexV4hOtIfdfj",3
"R_6YonmuGx259cWEg",2
"R_6YQCIPYi44g9dtN",2
"R_6zBXYdxcNIqETvk",1
"R_6zFQqwAZezMKqzh",1
"R_6zjB7OUJ61rrTHG",5
"R_6ZP8fFEndqAQIYt",1
"R_702YcSdPGGjGQBH",5
"R_707RLNdw4AJ4fcG",2
"R_70B6zABav5PSEX7",5
"R_70hZWIzQyevEKXp",2
"R_70MdhSeihilxJhW",5
"R_70UB12AVeQCCELT",2
"R_70UdyqK7mwoeQus",5
"R_70UZOZvZNoGbwVX",1
"R_71mnXI8Bn6BmLQm",3
"R_725qQ4ClZ9ynMac",3
"R_72Js2fj5LU1HI37",2
"R_72KQ1h3F0JdYDXu",3
"R_72riwmQPMK8t8RY",5
"R_72tjGMyWq6I1xIV",3
"R_73ifKrJLbDMEbNA",2
"R_73lOy52XOnWDDU4",3
"R_73tFY1q92okm1sR",2
"R_74keZ2NJuCOoAme",5
"R_74UoefTeG3YhwIh",4
"R_75MTUZwyvvXn9Yd",5
"R_75RudmSN5DL6c64",5
"R_76dupkl0yZyYNXk",3
"R_76mO2qpyFNEpuWR",2
"R_76nB0JWA3fwwf2b",2
"R_77CmMMZqdMlYaOD",5
"R_77Eq6H1snh0ncgm",2
"R_77PWmwjzv3hAVAB",2
"R_78mbu1gGYIYyFYR",2
"R_78ovv8GlNx3BYsN",4
"R_79M6pZVQPsadLqh",1
"R_79OMzgsVg1LVJm1",2
"R_79YvmLdUZmNDrnX",4
"R_7AKCxLUe0yfT8lX",5
"R_7AqmKHKoD4tq0SZ",5
"R_7aqSqry9yNggQ1z",5
"R_7BLPrCyXzmPQcX7",5
"R_7bLZHgoiCT4OfFn",1
"R_7BVOuHimZyJKbgu",1
"R_7c3Ln4IWUjpYBrz",1
"R_7CCnAWUgLKazdZF",3
"R_7cixrA5hrPZd6j0",2
"R_7CU5IAPR3oQd4g2",1
"R_7Cv0O4SEX2EV7X5",3
"R_7cvVbLIDca1mUDR",4
"R_7D5DwlR85oItzAd",5
"R_7dc0HsXyxwnhdxM",2
"R_7dH83hxbZAXFVAS",2
"R_7dislKQme5ItWhD",5
"R_7dKEGMECJ1LRKZf",1
"R_7dLN6rVuOpO6g62",5
"R_7DnGCGJa3gfF3If",1
"R_7dofw0NQiPlNQaZ",1
"R_7Eakh75ghMNFyCN",1
"R_7EBvlccrcqXv26t",1
"R_7ecp0sl3LRvzGLf",2
"R_7EEyjqle582k9zP",4
"R_7eftSXIfxs2zkrh",1
"R_7En75coD7lBfWeF",3
"R_7Ens2rIDs9MJhcs",1
"R_7EoeafhPt5QIdCi",1
"R_7eONs20N2RItRuB",1
"R_7ePmJ7SpuvIndeJ",1
"R_7EuHlYElaVV2525",5
"R_7EYWM7wWThQzrBe",2
"R_7EYZs2MpmRqUWQR",5
"R_7fa1USMLkel5UEz",3
"R_7fcJCqobqVF4FK7",1
"R_7FhXINUx6t4Obfb",1
"R_7fj6PieBLWdeDFb",5
"R_7flcmxJHthUiTQQ",5
"R_7fOUUYeJD4n16Ut",1
"R_7Fst83snZBBem1K",5
"R_7g2w8bAUPuVoC8V",1
"R_7GCgmMU9LReXP0D",1
"R_7h3NMEtm4z9DFJf",4
"R_7H9j8ht29Sxzvil",2
"R_7HAbufSBz6RQ1up",2
"R_7HAUSqJtjM8017r",5
"R_7HoEX3ZmU0Q9vy3",2
"R_7i26rrorchxMd3Q",5
"R_7I4ntOhMH8yA5Pi",5
"R_7IL8sgXF6ma5gB7",2
"R_7iO4sAWiJrveU1k",1
"R_7IoBD5N83yiYyPO",3
"R_7ITcLohaEYSTayU",2
"R_7jdCSykW81iGsCl",5
"R_7jebEjjfNl2vPZb",1
"R_7K7JfR6UsDjiOqx",4
"R_7k8LFAYmI4bp8t3",4
"R_7kFbGwGwhTDqLPW",2
"R_7kp1HvjMPcqqPwM",1
"R_7LAPcrOJmHBuB46",1
"R_7LhCcuiwhIQQ1PT",1
"R_7LHoDpACPZRGxot",2
"R_7lKeYeVges5zVBC",2
"R_7lmpzcv3cuIIKA1",1
"R_7loQqbOEIJT5m6e",2
"R_7ltMx3ImdzBHCJU",5
"R_7lXi2qTFVib4dAv",2
"R_7LZ4rWs4Y52FE0C",1
"R_7m7EG0SPH80t5VX",5
"R_7m8M9l4XJwTqNa1",5
"R_7Mb63LIf7NEbIcd",1
"R_7mgRH0NIsFE4coN",1
"R_7mmEpF0eGcp96lc",2
"R_7mW0NTp98HfJfoo",5
"R_7mWvP50Z8fXOcCf",1
"R_7MXOdTWAoHMB2tb",5
"R_7myOPKMjtWmipk5",5
"R_7n0f4dTl5Yh0rNy",2
"R_7n2gTn5CQPDYyJK",5
"R_7n2N1SWN6JjxwiJ",1
"R_7nAVNqSdWThhV7a",1
"R_7nGEkkJcs4htG5B",1
"R_7nH4nzDVJI5vVgy",1
"R_7NJsw5YiYoRGgnb",5
"R_7nNTK7ioqHLiUs7",3
"R_7nPBW0KPbZAXEkh",2
"R_7nvJTveoTs82NBD",2
"R_7NyM83SRZrKqEae",1
"R_7OatWX9VJaDoehb",1
"R_7ocF1X2RNtatD85",1
"R_7oG6jNTpz0QPebD",5
"R_7OGYm6ZhlbvXdIK",1
"R_7OqTweNIRscycSk",5
"R_7OVTIoYFx73DG8i",2
"R_7owrx9WGAyFXObk",1
"R_7OZS47FmN92GoPy",1
"R_7P132X6UNNrZyXq",2
"R_7Pca4qPsPDOhSsf",1
"R_7pfZXDgsu61hfMk",1
"R_7plALmLf7HpXw5b",1
"R_7pmuTqxVqfTxgZ0",5
"R_7Pqd8T2IGWjYpdC",2
"R_7pQT4mOKKEGKaus",2
"R_7PRCYTZC9ED2m9d",2
"R_7PthVybBxeACLPy",2
"R_7PTureRZ2XmaU2r",2
"R_7pXU4aYNd9icq3f",2
"R_7q2xe1Kwpluxn33",4
"R_7q4chmZIIPidUpQ",5
"R_7q9HI89YOhWtTyZ",2
"R_7qaYpxUUfZlOQvm",2
"R_7QE42OjysZ1eSPD",3
"R_7qeERblAchugWlz",2
"R_7qEtBsQXegF7NEx",1
"R_7QL58a4rOSKFYqQ",1
"R_7Qmg5V9EmOmCAod",5
"R_7Qmm3RjFv0eJSN3",1
"R_7QnbXXmPmw48HMB",5
"R_7qWHKG9oBnTuZ7J",1
"R_7QYXi9fLq3RTOKA",3
"R_7R98GHa32X7bPA4",5
"R_7Rb2P38O187lXr4",3
"R_7rIdpbpNnp5DAYt",3
"R_7rMY8bwIFOUUF0J",3
"R_7Rrd9lO4C1Wq3dL",2
"R_7ruETqru2mu5G0M",4
"R_7S3IPp85FGM6Pa9",1
"R_7s7JDfV5tMXfMuY",5
"R_7Seq6RW1wZTwwZp",1
"R_7SJU57GGyxMB8lz",2
"R_7SMu5K5hf3dTmtX",2
"R_7sRRqNJEaJGieGl",1
"R_7tB40LvRC0z7hhT",5
"R_7TJYiQaSvR893ln",2
"R_7TYMyboddxXjgXe",1
"R_7U3l8ffD9TZwRBN",1
"R_7ucUqGqqOClugWB",1
"R_7URbXe74JXywe5z",5
"R_7UVxEWWXww0VXZD",1
"R_7v5KQWIRA2hTobd",3
"R_7v6oV6UyVVEPKi3",2
"R_7vI8iTxhjGh0Mrl",1
"R_7VjOqWb7ZjnttzM",1
"R_7VkaV59vIGIvtW9",5
"R_7VpAfRaWLqh8pah",5
"R_7WO9exNs44MPZU5",1
"R_7X10SP6ASQFWZiR",4
"R_7X5eIw8RHvYgyKV",1
"R_7xDbwHhEw3TDIol",1
"R_7XmVeinijyUVLJb",1
"R_7yc0R5n8GNTM09j",1
"R_7ymtHtOIeh6E5UZ",2
"R_7YnQ4M7A6TiWtdW",1
"R_7YYSeXKn9c3ivWF",2
"R_7Yzg93UKg9YkXC3",2
"R_7z4Dy0D5yo6xFPX",5
"R_7zSa6MbJ1X2UVX7",1
"R_7ZV0wrLvXazy5Jd",3
"R_82SFPrDl14JWHir",1
"R_87zTG7pSX9bChZY",1
"R_8BrsgM9elba2MLo",1
"R_8CFKOV9AaZ0rEL6",1
"R_8D5NhA9ZPDg6hQ2",5
"R_8EGbQ9q1gttgoZe",2
"R_8IQAHRip3gO9SaW",5
"R_8JbnmVThyAMzVe5",1
"R_8jSsVQTDFgWLR3K",3
"R_8jZ3dkhRXQxfwNS",1
"R_8LtnrfhAWV4BCud",1
"R_8M1QZ4bRutR3xSv",1
"R_8O7jhGjJ9zhoSrW",2
"R_8PsbiN89fWQ1p6w",1
"R_8Sd4gvq0AvNK9Df",1
"R_8SdOzU2WWb4sTRq",3
"R_8VNcLe2FFtIuBjJ",1
"R_8XG1lJ2mbcOERZO",1
"R_8YXkvg3SVZUmSSC",1
"R_8ZUlCTRv01g0mDu",1
"R_90lvhFJO7pPasiq",3
"R_96uwYrLlYBTktal",1
"R_9pBKbms8TZIRccm",2
"R_9sdar5TNBeA73kf",2
"R_9selknoh3j4qcIT",1
"R_9tFbnzZmLmjCEj7",3
"R_9u6OGYNQGrYwrtm",2
"R_9uruMF7JWDpKS1O",4
"R_9wGDvAzVG7EaKUo",1
"R_a0WLCtO25mgSVq7",1
"R_aa94i2oyHeZDNnM",1
"R_aBuNnkbl2SW7RKv",2
"R_aCZcaDMRz2ZZNxi",1
"R_afSBMy8UIFJNRuC",2
"R_agtqxaSBtCw7WFr",1
"R_aLo5YEKUvuAohT2",2
"R_amgARzA8Oj8xjsA",5
"R_aMqoFfAvYt9gaBw",1
"R_aMWw3vWsJHYZEBM",2
"R_aMz5Jp9pJAkunJn",1
"R_aPOm0dPkYZc9dJp",2
"R_aSzSH9EpF123mxa",3
"R_avbvLBDnnqIcS33",1
"R_aXTdBcwPfVnYmpA",2
"R_aYbIdBJWXBhIr2o",1
"R_b6EUsgnpRF5Pdi4",5
"R_b8oo6v3cnjwYaFi",1
"R_bBwgyKHWYTTpMu6",2
"R_bCbw7iUQYEpQlrJ",4
"R_bCGxyCtyEkOBSkp",3
"R_bcJbkFGScDQcCvd",1
"R_bg8LujekmP5gV1Y",2
"R_bgdIgXmTCOunVLU",2
"R_bgeohmiJ9ffs31I",1
"R_bGKAgk6HwcIutZf",1
"R_bjxEBy0srUcFPSL",1
"R_bN6Aj9cXZU2m4z2",1
"R_bnjQilSArQbgPj2",2
"R_bnqk6ShLk5ddt0t",1
"R_bWkCHwMY2nYPOSm",4
"R_bZAOVHFGzDsVSGk",1
"R_cJCfrknS65OMYHb",5
"R_cng0mwULN2FRJ0q",2
"R_cRYpCu2cJU0oo4F",1
"R_cTM1hNTI8mT7Gab",1
"R_cv0iSKOyGMISSHx",1
"R_cvGkKxwTM2R4RxA",1
"R_d63qmxHHjGfZyUx",1
"R_dcuhGT7oO0mxdUI",5
"R_ddbniKZkbLZUjIz",1
"R_dOdMUanMtC2FOGH",4
"R_dPF9YpmVzfYrlUY",2
"R_dRpiTRX9K6u2RFl",1
"R_dS7nCF6dzHaajIT",4
"R_dU3RNKel7tFITvh",2
"R_dvV1pCdcLLCI1bK",2
"R_dYq1rqSXpiXlj4g",3
"R_e1L8t4ML9d1T2Uc",1
"R_e3TA5QbdoiAW22O",1
"R_e8JETL3d9dstPBm",1
"R_e9RcLm8qjFOoSNv",2
"R_eCxDlDJuOrsj0o5",2
"R_eG4jNT8BoLbGWTI",3
"R_ehw2vUEyAWOOCHk",2
"R_eJDPIfoy1vt2aYS",2
"R_elMnLEObxLaBydU",2
"R_eM38vP3uNzLhIYw",4
"R_eu9bwcQnY71QLiN",1
"R_eWMjp06I7Hf32F9",2
"R_flhz6Q9QEz2af21",2
"R_flIDQKRK0cAk3Ur",1
"R_fmOa7ADN1fIwrSk",5
"R_fsN7on8AHzTF2uz",4
"R_fTI3ahwFKVTkl8s",1
"R_fYGYAkRdP3mWUac",1
"R_fz4KbHiBTk23i87",1
"R_gbmx4hiNP0Geg3S",1
"R_gC1JofB1rJZQskP",1
"R_gKAvzZ7I1zcSfzq",1
"R_gnSdk12FhtsDtpt",2
"R_h6J1AYOTmXhjiMm",3
"R_hC72Qh3zAGbfFds",2
"R_hidGtDcMH9YsiyI",1
"R_hJGODewwuI1RzSF",1
"R_hmTudXKc6gIKoJW",1
"R_hvnqmQ2utfDiCfK",1
"R_hyDfksVxIrBWEf7",3
"R_i6J3keJmM4S8PP7",1
"R_i7DF742pEt32jRF",2
"R_i7uMHYWzNSTpdtY",5
"R_ia6CyfjxeuL8CwR",5
"R_iaWuEhw0J50yqDn",2
"R_ibo7HzAZy1Vty1t",5
"R_id0o9NUbxqMh4x1",3
"R_iKCh26PkLeVXmmY",2
"R_iMDCkAPO6GcOofu",2
"R_ip2wGxOypiqkpRD",1
"R_iP7cyq292kfZ0jU",1
"R_iQqZ59WDCxA6b4u",1
"R_iRqcDuhZAUvaqll",1
"R_ixb3tkDdqvorzVR",2
"R_iYfuJZpxW15fdmx",3
"R_j41cacZyrOtHuVC",2
"R_jaHHKAFHbxTrP2Z",3
"R_jdqQReDmtYwnwYJ",2
"R_jIuVv0FGhECxBLF",3
"R_jMRTKOLNqlMyCtG",4
"R_jnbPEeJW9Hqsjdq",5
"R_k2EX2lUujulNCP3",1
"R_kAUJ25TZ4pWol87",2
"R_kbfUU4G9w1NFZAf",3
"R_kDESuEbsJAChveU",1
"R_kDH4ntT4UuvEERz",1
"R_kGCu16HxUxTG8gG",3
"R_kKJxlhSLV7hVgHO",1
"R_kkR6vRkwLpMAGYB",1
"R_ko5srW1BG9oyRMc",5
"R_kQ3f8xzJmpPDJGF",1
"R_kryxGfFE07yWCTE",1
"R_lf8rolTUQhc4Pwy",1
"R_lK4hZblCnCOMYAi",1
"R_lSOwjrWqxkrl2AZ",5
"R_m4oQoxiNZpJnsyJ",1
"R_m6IQ53tdbR5UXaC",3
"R_mCAcU1quuAJXLwG",3
"R_meShbrLxcthS4fI",1
"R_mH0zZ6mIyzuTtMA",2
"R_mj6OPzdjFisX1Xw",2
"R_mm8yIWiqB8dEKGu",3
"R_mPnV3vctgn0sFXm",3
"R_mPUuzI9YkgNPCZz",2
"R_mrD3O2fwxChxEHF",1
"R_mTEjOKZJPufqVm2",2
"R_mU8ep3T9w4XZbmi",2
"R_mUrr74lB2uijHdW",2
"R_n7BgTY2Wnczb3Xq",2
"R_n7lyfZBCllt39nb",3
"R_nD59p16t6V4m7xh",1
"R_ndaaQMQrbjNLppr",4
"R_nDPU6R8HUZnUakc",3
"R_njxmQXtJycEJRej",4
"R_np9PpVAco1rs4Rf",2
"R_nqAWgYPQdpZWEON",2
"R_nSiBKBjdwfQwPh4",4
"R_nXUO0P21JdwYTwl",4
"R_o6RccOjmKUylQ3j",1
"R_o6VjoCI64xEcA1P",1
"R_obhhjhouvXb3n8N",1
"R_odjBqbeEt1bToZZ",1
"R_oDVpmy1vbKLgBt5",1
"R_ogd6f6nFt60hfiU",5
"R_oiocMVD82aFv7OG",4
"R_oJiiUflEU1MLchC",1
"R_ojzjKu7l1CZX2vC",2
"R_oLqMDAkPHPa9MgC",1
"R_on5WM2yqQATxwq3",2
"R_oNd6aNPXPt6Bd1s",2
"R_oo1B7ZY0GAxMi23",2
"R_oO3IqiRrng240qG",3
"R_oP7iplWGWZ3P6st",5
"R_oSeBHUZuJY26kKd",3
"R_otEGDZKzlFpLjUv",1
"R_ouc4SjL9O0zPQDY",1
"R_oWJsecAEjTdxjba",1
"R_ozIjFzsApordSOn",2
